,changeset,lon,id,timestamp,lat,tags,version,addr:city,addr:country,addr:housenumber,addr:postcode,addr:street,email,name,opening_hours,operator,phone,website,amenity,drinking_water,office,source,start_date,wikipedia,geometry,osm_type,building,building:levels,fountain,internet_access
0,0.0,11.715644,246493836,1273231987,44.355705,,3,,,,,,,Cinema Cristallo,,,,,cinema,,,,,,POINT (11.715643882751465 44.35570526123047),node,,,,
1,0.0,11.372026,251309388,1461459532,44.649662,,8,,,,,,,"Centro Sociale ""Falcone e Borsellino""",,,,,community_centre,,association,,,,POINT (11.372026443481445 44.649662017822266),node,,,,
2,0.0,11.182697,251440280,1456693135,44.636086,"{""tourism"":""attraction""}",11,San Giovanni in Persiceto,IT,1,40017,Vicolo Baciadonne,,Planetario,,,,,planetarium,,,,,,POINT (11.182697296142578 44.636085510253906),node,,,,
3,0.0,11.361635,295521061,1614985515,44.573307,"{""payment:cash"":""yes"",""payment:coins"":""yes"",""wheelchair"":""limited""}",8,Castel Maggiore,,10/c,40013,Via Lirone,justplaybolo@gmail.com,Ludoteca Just Play Bologna,Mo 21:00-23:30; We 21:00-23:30; Th 16:30-19:30,,,https://www.justplaybo.it,community_centre,,,,,,POINT (11.361635208129883 44.573307037353516),node,,,,
4,0.0,11.421102,297333557,1456681272,44.636578,,2,,,,,,,TeZe,,,,,theatre,,,,,,POINT (11.421101570129395 44.63657760620117),node,,,,
5,0.0,11.705799,354883958,1539860363,44.3508,,4,Imola,,18,40026,Via Livia Venturini,,Teatro dell'Osservanza,,,+39 0542 25860,https://www.teatrostignani.it/spettacoli-teatro,theatre,,,,,,POINT (11.705799102783203 44.350799560546875),node,,,,
6,0.0,11.348369,411366235,1489163079,44.488636,"{""wheelchair"":""yes"",""wikidata"":""Q3516753""}",5,,,,,,,Teatro Eleonora Duse,,,,,theatre,,,,,it:Teatro Duse (Bologna),POINT (11.348368644714355 44.4886360168457),node,,,,
7,0.0,11.360039,440951322,1247435717,44.546364,,1,,,,,,,Sala Centofiori,,,,,theatre,,,,,,POINT (11.360038757324219 44.546363830566406),node,,,,
8,0.0,11.304699,441130576,1247482337,44.71514,,1,,,,,,,,,,,,fountain,,,,,,POINT (11.304698944091797 44.71514129638672),node,,,,
9,0.0,11.307116,441130619,1544390605,44.713875,"{""wikidata"":""Q28001207""}",3,,,,,,,Teatro comunale Alice Zeppilli,,,,,theatre,,,,,,POINT (11.30711555480957 44.71387481689453),node,,,,
10,0.0,11.341936,506738736,1615634668,44.494896,"{""artist_name"":""Tommaso Laureti"",""artwork_type"":""sculpture"",""tourism"":""artwork"",""wikidata"":""Q3747327"",""wikimedia_commons"":""Category:Fontana Vecchia (Bologna)""}",10,,,,,Via Ugo Bassi,,Fontana vecchia,,,,,fountain,,,,1563,it:Fontana Vecchia (Bologna),POINT (11.341936111450195 44.494895935058594),node,,,,
11,0.0,11.13802,531294965,1542752533,44.657093,,4,Sant'Agata Bolognese,IT,2,40019,Via De Gasperi,,CineCì,,,,,cinema,,,,,,POINT (11.138019561767578 44.6570930480957),node,,,,
12,0.0,11.412091,665610277,1268524764,44.700043,,1,,,,,,,Il Casale,,,,,community_centre,,,,,,POINT (11.412091255187988 44.700042724609375),node,,,,
13,0.0,11.710984,721933814,1615634668,44.354946,"{""contact:facebook"":""http://www.facebook.com/teatrostignani"",""wikidata"":""Q3982229"",""wikimedia_commons"":""Category:Teatro comunale (Imola)""}",13,Imola,,1,40026,Via Giuseppe Verdi,teatro@comune.imola.bo.it,Teatro comunale Ebe Stignani,,,+39 0542 602600,https://www.teatrostignani.it/,theatre,,,Bing,,it:Teatro comunale Ebe Stignani,POINT (11.710984230041504 44.35494613647461),node,,,,
14,0.0,11.72015,762086544,1511343112,44.337635,"{""highway"":""turning_loop""}",3,,,,,,,,,,,,fountain,,,,,,POINT (11.720149993896484 44.3376350402832),node,,,,
15,0.0,11.39619,787858612,1277403401,44.65875,"{""alt_name"":""Comunit\u00E0 Maranatha""}",1,,,,,,,Comunità Maranà-tha,,,,http://www.maranacom.it/,community_centre,,,,,,POINT (11.39618968963623 44.658748626708984),node,,,,
16,0.0,11.112686,811406731,1544870463,44.282753,,2,,,,,,,Nuovo,,,,,cinema,,,,,,POINT (11.112686157226562 44.282752990722656),node,,,,
17,0.0,11.269124,853173714,1541949009,44.4844,"{""wheelchair"":""yes""}",7,,,,40033,Via Aldo Moro,,Uci Cinemas,,,,,cinema,,,,,,POINT (11.269124031066895 44.48440170288086),node,,,,
18,0.0,11.276547,853180294,1546522700,44.477585,"{""wheelchair"":""yes"",""wikidata"":""Q55672767""}",5,Casalecchio di Reno,,1,40033,Piazza del Popolo,,Laura Betti,,,,http://www.teatrocasalecchio.it,theatre,,,,,,POINT (11.2765474319458 44.47758483886719),node,,,,
19,0.0,11.71253,884222814,1641477142,44.3555,"{""name:etymology:wikidata"":""Q3771421""}",4,,,,,,,Fontana Giuseppe Scarabelli,,,,,fountain,,,,,,POINT (11.712530136108398 44.355499267578125),node,,,,
20,0.0,11.313301,964932949,1382104437,44.501442,"{""wheelchair"":""yes""}",2,,,,,,,Cinema Orione,,,,,cinema,,,,,,POINT (11.313301086425781 44.501441955566406),node,,,,
21,0.0,11.342549,1195161496,1544390603,44.4972,"{""wheelchair"":""yes"",""wikidata"":""Q24942724""}",4,,,,,,,Teatro Auditorium Manzoni,,,,,theatre,,,,,,POINT (11.342549324035645 44.49720001220703),node,,,,
22,0.0,11.324489,1203720503,1300225572,44.271664,,1,,,,,,,,,,,,fountain,,,,,,POINT (11.324488639831543 44.271663665771484),node,,,,
23,0.0,11.533553,1213592776,1312631218,44.64553,,2,,,,,,,Santa Maria,,,,,cinema,,,,,,POINT (11.533553123474121 44.645530700683594),node,,,,
24,0.0,11.452399,1216084409,1362933723,44.618515,,3,,,,,,,Mandrioli,,,+39 051 6605013,,cinema,,,,,,POINT (11.452399253845215 44.61851501464844),node,,,,
25,0.0,11.340638,1312716242,1489163088,44.495895,"{""cinema:3D"":""yes"",""wheelchair"":""limited"",""wikidata"":""Q3982057""}",4,,,,,,,Cinema Medica Palace,,,,http://www.medicapalace.it/,cinema,,,,,it:Teatro Medica Palace,POINT (11.340638160705566 44.49589538574219),node,,,,
26,0.0,11.352133,1312812764,1322047225,44.58061,,2,,,,,,,Teatro Biagi D'Antona,,,,,theatre,,,,,,POINT (11.352132797241211 44.58060836791992),node,,,,
27,0.0,11.34354,1477942362,1489163090,44.49969,"{""wheelchair"":""limited"",""wikidata"":""Q965331""}",5,,,,,,,Teatro Arena del Sole,,,,,theatre,,,,,it:Arena del Sole,POINT (11.34354019165039 44.499691009521484),node,,,,
28,0.0,11.405858,1531568929,1597014824,44.497536,"{""smoking"":""yes""}",2,,,,,,,Giostrà,,,,,nightclub,,,,,,POINT (11.405858039855957 44.497535705566406),node,,,,
29,0.0,11.670315,1557113581,1529784253,44.62063,,2,,,,,,,,,,,,fountain,,,,,,POINT (11.67031478881836 44.620628356933594),node,,,,
30,0.0,11.665275,1557451889,1324496445,44.620663,,1,,,,,,,,,,,,fountain,,,,,,POINT (11.665274620056152 44.620662689208984),node,,,,
31,0.0,11.540688,1586628032,1326358640,44.53495,,1,,,,,,,,,,,,fountain,,,,,,POINT (11.540687561035156 44.534950256347656),node,,,,
32,0.0,11.352048,1618929454,1328451108,44.507442,,1,,,,,,,,,,,,fountain,,,,,,POINT (11.35204792022705 44.507442474365234),node,,,,
33,0.0,11.37258,1621390104,1602426883,44.511303,"{""brand"":""The Space Cinema"",""brand:wikidata"":""Q3989406"",""brand:wikipedia"":""it:The Space Cinema"",""old_name"":""Medusa"",""wheelchair"":""yes"",""wikidata"":""Q36839807""}",5,Bologna,IT,5,40127,Viale Europa,,The Space Cinema,,,,,cinema,,,,,,POINT (11.372579574584961 44.51130294799805),node,,,,
34,0.0,11.346005,1623615533,1374139448,44.50803,"{""wheelchair"":""no""}",2,Bologna,IT,16,40129,Via Giacomo Matteotti,,Testoni Ragazzi,,,,,theatre,,,,,,POINT (11.3460054397583 44.50802993774414),node,,,,
35,0.0,11.590543,1633113619,1543784746,44.399128,"{""wikidata"":""Q35974056""}",2,,,,,,,Cassero,,,,,theatre,,,,,,POINT (11.590542793273926 44.39912796020508),node,,,,
36,0.0,11.34757,1638082277,1548882883,44.530586,"{""studio"":""video""}",2,,,,,,,Italia 7 Gold,,,,,studio,,,,,,POINT (11.347570419311523 44.53058624267578),node,,,,
37,0.0,11.335234,1685235409,1544390607,44.49923,"{""wheelchair"":""limited"",""wheelchair:description"":""Probabilmente c'\u00E8 anche il bagno, ma non ho controllato"",""wikidata"":""Q36839164""}",4,Bologna,IT,57,,Via delle Lame,,Cinema Arlecchino,,,,http://www.arlecchinobologna.it,cinema,,,,,,POINT (11.335233688354492 44.499229431152344),node,,,,
38,0.0,11.3624,1704194407,1582968672,44.515476,"{""addr:district"":""San Donato""}",3,Bologna,IT,9,40128,Via Alfieri Maserati,,NUMA club,,,+39 051 363591,http://www.numaclub.com/,nightclub,,,Comune di Bologna,,,POINT (11.36240005493164 44.51547622680664),node,,,,
39,0.0,11.387561,1704242540,1489097506,44.49936,"{""addr:district"":""San Vitale""}",3,Bologna,IT,12,40138,Via del Carpentiere,,Villa Pini,,,,,community_centre,,,Comune di Bologna,,,POINT (11.387560844421387 44.499359130859375),node,,,,
40,0.0,11.387854,1704247473,1489097446,44.499462,"{""addr:district"":""San Vitale""}",3,Bologna,IT,14,40138,Via del Carpentiere,,Ca' Larga,,,,,community_centre,,,Comune di Bologna,,,POINT (11.387853622436523 44.49946212768555),node,,,,
41,0.0,11.641582,1707383399,1333903808,44.477,,1,,,,,,,,,,,,fountain,,,,,,POINT (11.641581535339355 44.47700119018555),node,,,,
42,0.0,11.640868,1715942776,1334397447,44.47536,,1,,,,,,,,,,,,fountain,,,,,,POINT (11.640868186950684 44.47536087036133),node,,,,
43,0.0,11.33451,1735448480,1544391902,44.502464,"{""wheelchair"":""yes"",""wikidata"":""Q36839449""}",3,,,,,,,Cinema Lumière,,,,,cinema,,,,,,POINT (11.33450984954834 44.502464294433594),node,,,,
44,0.0,11.275871,1949541789,1349545182,44.4995,,1,,,,,,,Discoteca Matis,,,,,nightclub,,,,,,POINT (11.275871276855469 44.4995002746582),node,,,,
45,0.0,11.097404,1955081040,1349797804,44.323616,,1,,,,,,,Chiesa,,,,,fountain,,,,,,POINT (11.097403526306152 44.32361602783203),node,,,,
46,0.0,11.350599,2084530113,1489163094,44.496426,"{""wheelchair"":""limited"",""wikidata"":""Q2306368""}",6,Bologna,,1,40126,Largo Respighi,,Teatro Comunale,,,,http://www.tcbo.it,theatre,,,survey,,it:Teatro Comunale (Bologna),POINT (11.35059928894043 44.49642562866211),node,,,,
47,0.0,11.412009,2101737160,1357662618,44.449368,,1,,,,,,,Centro Culturale Annalena Tonelli,,,,,theatre,,,,,,POINT (11.412009239196777 44.44936752319336),node,,,,
48,0.0,11.133571,2137062946,1359711529,44.66393,,1,,,,,,,,,,,,fountain,,,,,,POINT (11.133570671081543 44.6639289855957),node,,,,
49,0.0,11.700453,2181326211,1363815202,44.35488,,2,,,,,,,CineCircolo Cappuccini,,,,,cinema,,,,,,POINT (11.70045280456543 44.354881286621094),node,,,,
50,0.0,11.733709,2199974658,1363198174,44.375175,,1,,,,,,,Fontana,,,,,fountain,,,,,,POINT (11.733709335327148 44.37517547607422),node,,,,
51,0.0,10.891089,2357836415,1467135052,44.137897,,2,,,,,,,,,,,,fountain,,,,,,POINT (10.89108943939209 44.13789749145508),node,,,,
52,0.0,11.639492,2372455161,1372879782,44.38362,,1,,,,,,,,,,,,fountain,,,,,,POINT (11.63949203491211 44.38362121582031),node,,,,
53,0.0,11.716241,2587302453,1387490859,44.33935,,1,,,,,,,La Vie en Rose,,,,,nightclub,,,,,,POINT (11.716240882873535 44.339351654052734),node,,,,
54,0.0,11.589728,2617436398,1389366210,44.395447,,1,,,,,,,Fontana Luminosa,,,,,fountain,,,,,,POINT (11.589728355407715 44.39544677734375),node,,,,
55,0.0,11.059275,2657354034,1391682701,44.32983,,1,,,,,,,,,,,,fountain,,,,,,POINT (11.059274673461914 44.329830169677734),node,,,,
56,0.0,11.27178,2661914449,1391898992,44.564976,,1,,,,,,,Teatro Spazio Reno,,,,,theatre,,,,,,POINT (11.271780014038086 44.56497573852539),node,,,,
57,0.0,11.3646755,2907379313,1461009900,44.57528,,3,,,,,,,,,,,,fountain,,,,,,POINT (11.364675521850586 44.575279235839844),node,,,,
58,0.0,11.408513,2962672891,1405348419,44.47044,,1,,,,,,,,,,,,fountain,,,,,,POINT (11.408513069152832 44.47043991088867),node,,,,
59,0.0,11.132509,2983849442,1406500527,44.249367,,1,,,,,,,,,,,,fountain,,,,,,POINT (11.132509231567383 44.249366760253906),node,,,,
60,0.0,11.082946,2983912961,1406501850,44.127647,,1,,,,,,,,,,,,fountain,,,,,,POINT (11.082945823669434 44.127647399902344),node,,,,
61,0.0,11.330077,3181344018,1544391903,44.502403,"{""wikidata"":""Q36839742""}",2,Bologna,,,,Via Lodovico Berti,,Nuovo Nosadella,,,,,cinema,,,,,,POINT (11.330077171325684 44.502403259277344),node,,,,
62,0.0,11.336745,3181344021,1544391897,44.49888,"{""wheelchair"":""yes"",""wikidata"":""Q1092493""}",3,Bologna,,,,Via Riva di Reno,,Cineteca di Bologna,,,,,cinema,,,,,,POINT (11.336745262145996 44.498878479003906),node,,,,
63,0.0,11.337044,3181441641,1544391901,44.49703,"{""wikidata"":""Q36839420""}",3,,,,,,,Jolly,,,,,cinema,,,,,,POINT (11.337043762207031 44.49702835083008),node,,,,
64,0.0,11.325517,3181504341,1544391900,44.489437,"{""wheelchair"":""yes"",""wikidata"":""Q36839252""}",3,Bologna,,,,Via Bellinzona,,Bellinzona,,,,,cinema,,,,,,POINT (11.325516700744629 44.489437103271484),node,,,,
65,0.0,11.33113,3181507492,1544390607,44.490784,"{""wikidata"":""Q36839194""}",2,Bologna,,,,Via Frassinago,,Chaplin,,,,,cinema,,,,,,POINT (11.331130027770996 44.49078369140625),node,,,,
66,0.0,11.358277,3182766145,1544391902,44.499706,"{""wikidata"":""Q36839497""}",2,,,,,,,Perla,,,,,cinema,,,,,,POINT (11.358277320861816 44.49970626831055),node,,,,
67,0.0,11.588269,3189847373,1416136563,44.277477,,1,,,,,,,,,,,,fountain,,,,,,POINT (11.588269233703613 44.2774772644043),node,,,,
68,0.0,11.365925,3190973936,1489163098,44.496807,"{""wikidata"":""Q3981959""}",3,,,,,,,Teatro Dehon,,,,,theatre,,,,,it:Teatro Dehon,POINT (11.365924835205078 44.49680709838867),node,,,,
69,0.0,11.344572,3241249259,1502971417,44.502945,,3,Bologna,,1,40121,Via Milazzo,,Capitol,Mo-Su 15:00-23:00,,,,cinema,,,,,,POINT (11.344572067260742 44.50294494628906),node,,,,
70,0.0,11.711672,3357372399,1424249443,44.352386,,1,,,,,,,,,,,,fountain,,,,,,POINT (11.711671829223633 44.352386474609375),node,,,,
71,0.0,11.711299,3364028317,1424544730,44.352123,,1,,,,,,,,,,,,fountain,,,,,,POINT (11.711298942565918 44.35212326049805),node,,,,
72,0.0,11.335454,3368077939,1570165575,44.49252,"{""contact:email"":""porticodelleparole@gmail.com"",""note"":""Portico delle Parole \u00E8 una associazione che organizza: 1) i corsi di italiano per stranieri  2) i corsi di russo  Fa tante attivit\u00E0 culturale, cene, le serate del film per favorire la pratica delle lingua e trovare nuovi amici!""}",2,Bologna,,15/a,40123,Via Nosadella,,Associazione Portico delle Parole,Mo-Fr 08:30-21:30,,+39 3276617027,http://porticodelleparole.it/,community_centre,,,https://www.facebook.com/porticodelleparole/info?tab=page_info,,,POINT (11.335453987121582 44.49251937866211),node,,,,
73,0.0,11.628929,3424845278,1427642223,44.359306,,1,,,,,,,Teatro comunale Dozza,,,,,theatre,,,Bing,,,POINT (11.628929138183594 44.35930633544922),node,,,,
74,0.0,11.706161,3454567205,1539860363,44.35532,,2,Imola,,3,40026,Viale Caterina Sforza,info@tiltonline.org,Teatro Lolli,,TILT,+39 340 5790974,http://www.tiltonline.org/teatrololli,theatre,,,Bing,,,POINT (11.706160545349121 44.35531997680664),node,,,,
75,0.0,11.415973,3476594750,1429975865,44.63359,,1,,,,,,,,,,,,fountain,,,,,,POINT (11.415972709655762 44.63359069824219),node,,,,
76,0.0,11.376791,3476727765,1461461542,44.64539,"{""community_centre"":""community_hall""}",2,,,,,,,Sala Trenti,,,,,community_centre,,,,,,POINT (11.376791000366211 44.645389556884766),node,,,,
77,0.0,11.348861,3476788095,1429980764,44.642315,,1,,,,,,,,,,,,theatre,,,,,,POINT (11.348860740661621 44.64231491088867),node,,,,
78,0.0,11.196524,3506459230,1431155099,44.64899,,2,,,,,,,Circolo ARCI Akkatà,,,,,community_centre,,,,,,POINT (11.196523666381836 44.648990631103516),node,,,,
79,0.0,11.3861,3523948163,1431883539,44.33195,,1,,,,,,,Fontana Cà di Pippo,,,,,fountain,,,,,,POINT (11.386099815368652 44.33195114135742),node,,,,
80,0.0,11.348066,3606779798,1513453555,44.494328,,3,Bologna,,6a,40125,Via Castel Tialto,,Soda Pops,,,,,nightclub,,,,,,POINT (11.348066329956055 44.494327545166016),node,,,,
81,0.0,11.362231,3614811901,1608426463,44.501984,"{""changing_table"":""yes"",""payment:coins"":""yes"",""shop"":""yes"",""theatre:genre"":""philharmonic"",""toilets"":""yes"",""toilets:access"":""customers"",""toilets:wheelchair"":""designated"",""wheelchair"":""yes""}",5,Bologna,,3,40127,Via Giuseppe Tartini,,Mercato Sonato,,Orchestra Senzaspine,,,theatre,,,,,,POINT (11.362231254577637 44.501983642578125),node,,,,
82,0.0,11.333775,3645563600,1436601390,44.49561,,1,Bologna,,23,40122,Via del Pratello,,Bloom Culture Teatri,,,,,cinema,,,,,,POINT (11.33377456665039 44.495609283447266),node,,,,
83,0.0,11.677869,3663794595,1437687922,44.379074,"{""club"":""music""}",2,Piratello,,21,40026,Via Piratello,,Rifugio del Piratello Club,,,,,nightclub,,,,,,POINT (11.677868843078613 44.37907409667969),node,,,,
84,0.0,11.359594,3790565603,1575923194,44.515198,"{""old_name"":""Senza Filtro""}",2,,,,,,,EX OZ Bologna,,,,http://www.ozbologna.org/,community_centre,,,,,,POINT (11.359594345092773 44.51519775390625),node,,,,
85,0.0,11.3679495,3817706458,1544391902,44.455593,"{""wikidata"":""Q36839522""}",2,Bologna,,125,40141,Via Toscana,,Smeraldo,,,,,cinema,,,,,,POINT (11.367949485778809 44.45559310913086),node,,,,
86,0.0,11.589468,3867236440,1448809008,44.27716,,1,,,,,,,,,,,,fountain,,,,,,POINT (11.589468002319336 44.27716064453125),node,,,,
87,0.0,11.272379,3905264668,1450811216,44.444267,,1,,,,,,,Centro Sociale Borgonuovo,,ANCESCAO,,,community_centre,,,,,,POINT (11.272378921508789 44.44426727294922),node,,,,
88,0.0,11.594526,3907804930,1609367573,44.27771,,2,Borgo Tossignano,,1,40021,Via Padre Luigi Zoffoli,,Teatro Sala Polivalente,,,,,theatre,,,,,,POINT (11.594526290893555 44.2777099609375),node,,,,
89,0.0,11.186208,3909471987,1451064069,44.642555,,1,,,,,,,Cinema Giada,,,,,cinema,,,,,,POINT (11.18620777130127 44.642555236816406),node,,,,
90,0.0,11.354261,3939514123,1570165575,44.506096,"{""club"":""culture"",""community_centre"":""club_home""}",3,,,,,,,DLF - Gruppo Fermodellistico Bolognese,Tu 21:00-23:30,,,,community_centre,,,,,,POINT (11.35426139831543 44.50609588623047),node,,,,
91,0.0,11.370394,3996506066,1454978055,44.470016,,1,,,,,,,,,,,,fountain,,,,,,POINT (11.370393753051758 44.47001647949219),node,,,,
92,0.0,11.370584,3996506067,1454978055,44.46976,,1,,,,,,,,,,,,fountain,,,,,,POINT (11.370583534240723 44.46976089477539),node,,,,
93,0.0,11.270864,4020230043,1456165996,44.43791,,1,,,,,,,,,,,,fountain,,,,,,POINT (11.27086353302002 44.43790817260742),node,,,,
94,0.0,11.417852,4031539680,1605547389,44.63483,,2,,,,,,,,,,,,fountain,,,,,,POINT (11.417852401733398 44.634830474853516),node,,,,
95,0.0,11.589184,4215814903,1464629320,44.385666,,2,,,,,,,Fontana,,,,,fountain,,,GPS,,,POINT (11.589183807373047 44.38566589355469),node,,,,
96,0.0,11.588573,4215817941,1464629320,44.38595,,1,,,,,,,,,,,,fountain,,,,,,POINT (11.588573455810547 44.385948181152344),node,,,,
97,0.0,11.359396,4280446568,1467559676,44.486355,,1,,,,,,,Antoniano,,,,,cinema,,,,,,POINT (11.359395980834961 44.48635482788086),node,,,,
98,0.0,11.083334,4372806477,1472426310,44.504635,,1,,,,,,,,,,,,fountain,,,,,,POINT (11.083333969116211 44.504634857177734),node,,,,
99,0.0,11.349109,4394789693,1544391903,44.48845,"{""name:it"":""Rialto Studio"",""wikidata"":""Q36839763""}",4,,,19E,40126,Via Rialto,,Rialto Studio,,,+39 051 227926,https://circuitocinemabologna.it,cinema,,,,,,POINT (11.349108695983887 44.48844909667969),node,,,,
100,0.0,11.300574,4396889955,1473640803,44.48107,,1,,,,,,,BBC,,,,,nightclub,,,,,,POINT (11.30057430267334 44.48107147216797),node,,,,
101,0.0,11.3467865,4434149062,1544391901,44.50775,"{""wikidata"":""Q36839395""}",2,Bologna,,,,Via Giacomo Matteotti,,Cinema Galliera,,,,,cinema,,,,,,POINT (11.346786499023438 44.50775146484375),node,,,,
102,0.0,11.617866,4449432620,1476549329,44.358368,,1,,,,,,,Fontana,,,,,fountain,,,,,,POINT (11.617865562438965 44.358367919921875),node,,,,
103,0.0,11.414488,4460266004,1477223552,44.476208,"{""name:it"":""Bimbo Park""}",1,,,,,,,Bimbo Park,,,+39 051 546425,http://www.bimbopark.it,community_centre,,,,,,POINT (11.414487838745117 44.4762077331543),node,,,,
104,0.0,11.327315,4523646090,1480182313,44.52289,"{""name:it"":""Polisportiva Lame""}",1,,,,,,,Polisportiva Lame,,,,,community_centre,,,,,,POINT (11.327315330505371 44.52288818359375),node,,,,
105,0.0,11.204205,4524335499,1493125013,44.340584,"{""name:it"":""PD""}",4,,,6,40043,,,PD,,,,,community_centre,,,,,,POINT (11.204204559326172 44.34058380126953),node,,,,
106,0.0,11.813398,4530753672,1627068698,44.396534,"{""abandoned:amenity"":""doctors""}",2,,,22,,Via Roma,,Centro giovani Flood,,,,,social_centre,,,survey;https://www.ilnuovodiario.com/2021/05/30/mordano-negli-ex-ambulatori-nasce-un-centro-per-i-giovani/,,,POINT (11.813398361206055 44.39653396606445),node,,,,
107,0.0,11.341384,4535525114,1480764283,44.48138,,1,,,,,,,,,,,,fountain,,,,,,POINT (11.341383934020996 44.481380462646484),node,,,,
108,0.0,11.270218,4536054189,1480784969,44.482834,,2,,,,,,,,,,,,fountain,,,,,,POINT (11.270217895507812 44.48283386230469),node,,,,
109,0.0,11.431028,4589402109,1483551598,44.499645,"{""name:it"":""Balloon Park""}",1,,,326/2,40055,Via Bruno Tosarelli,,Balloon Park,,,+39 334 7804277,http://www.balloonpark.it/,community_centre,,,,,,POINT (11.431028366088867 44.4996452331543),node,,,,
110,0.0,11.244158,4683857098,1487009670,44.39413,"{""name:it"":""PD Circolo Angelo Vassallo""}",1,,,,,,,PD Circolo Angelo Vassallo,,,,,community_centre,,,,,,POINT (11.244157791137695 44.39413070678711),node,,,,
111,0.0,11.331259,4696839253,1544391900,44.49615,"{""wikidata"":""Q36839309""}",2,Bologna,,,,Via Pietralata,,Europa,,,,,cinema,,,,,,POINT (11.331258773803711 44.496150970458984),node,,,,
112,0.0,11.348376,4708352692,1488202529,44.4977,"{""name:it"":""Teatro delle Moline""}",1,,,,,,,Teatro delle Moline,,,,,theatre,,,,,,POINT (11.348376274108887 44.49769973754883),node,,,,
113,0.0,11.686802,4762159188,1505842030,44.359898,,2,Imola,,1E,40026,Via Bel Poggio,ortibelpoggio@libero.it,Centro sociale Orti,,,+39 0542 627083,http://www.comune.imola.bo.it/imoladove/centro-sociale-orti-di-via-bel-poggio,community_centre,,,,,,POINT (11.68680191040039 44.35989761352539),node,,,,
114,0.0,11.737158,4762164617,1516275306,44.418797,,2,Imola,,142,,Via Correcchio,,Centro Sociale Sasso Morelli,,,,,community_centre,,,,,,POINT (11.737157821655273 44.41879653930664),node,,,,
115,0.0,11.694761,4762181985,1535016295,44.366352,"{""fax"":""+39 0542626666""}",3,Imola,,1,40026,Via Luigi Tinti,info@centrosocialezolino.it,Centro Sociale Zolino,,,+39 0542626666,http://www.centrosocialezolino.it,community_centre,,,,,,POINT (11.694761276245117 44.36635208129883),node,,,,
116,0.0,11.667468,4762417634,1641133985,44.341927,"{""facebook"":""https://www.facebook.com/pages/Villa-Torano-Via-Poggiolo-4-Imola/111049665897071"",""wikidata"":""Q106073386""}",3,Imola,,4,40026,Via Poggiolo,,Villa Torano,,,,,conference_centre,,,,,,POINT (11.667468070983887 44.34192657470703),node,,,,
117,0.0,11.71824,4762418952,1508271908,44.354443,,3,Imola,,66,40026,Via Selice,,Sala di San Giovanni,,,,,theatre,,,,,,POINT (11.718239784240723 44.35444259643555),node,,,,
118,0.0,11.21445,4762846077,1566036879,44.170193,,3,San Benedetto Val di Sambro,,11,,Via Toscana,,Ex Cinema,,,,,events_venue,,,,,,POINT (11.214449882507324 44.17019271850586),node,,,,
119,0.0,11.812734,4778262667,1643445816,44.39683,,2,Mordano,,22,,Via Sant'Eustacchio,,,,,,,theatre,,,,,,POINT (11.81273365020752 44.39683151245117),node,,,,
120,0.0,11.508467,4781387313,1624475029,44.401463,,2,Castel San Pietro Terme,,611,,Via Ca' Masino,,Centro Congressi,,,,,conference_centre,,,,,,POINT (11.508466720581055 44.40146255493164),node,,,,
121,0.0,11.445962,4782387076,1501414994,44.441906,,3,San Lazzaro di Savena,,24,,Via Idice,,Ca' dei Mandorli,,,,,nightclub,,,,,,POINT (11.445961952209473 44.4419059753418),node,,,,
122,0.0,11.448113,4782401412,1629888549,44.55463,,2,Granarolo dell'Emilia,,3,,Via San Donato,,TAG - teatro granarolo,,,,http://www.teatroagranarolo.it/,theatre,,,,,,POINT (11.448113441467285 44.554630279541016),node,,,,
123,0.0,11.330081,4793747375,1579960032,44.495407,"{""description"":""Sala Studio di Teatri di Vita: corsi teatrali, laboratori, mostre d'arte, spettacoli."",""wheelchair"":""yes""}",2,Bologna,,90a,40122,Via del Pratello,urp@teatridivita.it,Sala Studio,,Teatri di Vita,,http://www.teatridivita.it,theatre,,,,,,POINT (11.33008098602295 44.49540710449219),node,,,,
124,0.0,11.686091,4807676028,1492784614,44.36249,"{""name:it"":""Battistina""}",1,,,3 g,40026,Via Bel Poggio,,Battistina,,,,,community_centre,,,,,,POINT (11.686091423034668 44.362491607666016),node,,,,
125,0.0,11.32937,4810013826,1521917270,44.514046,"{""name:it"":""Eureka""}",4,,,26,,Marco Polo,,Eureka,,,,,community_centre,,,,,,POINT (11.32936954498291 44.51404571533203),node,,,,
126,0.0,11.357022,4824905327,1494159335,44.567837,"{""name:en"":""Kids""}",4,,,,40013,Via Pio La Torre,,,Mo-Sa 09:00-20:00; Su 10:00-20:00,,,,community_centre,,,,,,POINT (11.357022285461426 44.56783676147461),node,,,,
127,0.0,11.2066345,4825515122,1493487989,44.34206,"{""name:it"":""Teatro Comunale""}",2,,,,,,,Teatro Comunale,,,,,theatre,,,,,,POINT (11.206634521484375 44.34206008911133),node,,,,
128,0.0,11.40741,4852084139,1494696258,44.46999,,1,,,,,,,,,,,,fountain,,,,,,POINT (11.40740966796875 44.46998977661133),node,,,,
129,0.0,11.117152,5039499421,1502900947,44.192978,"{""name:en"":""Fontana delle Cedde"",""name:it"":""Fontana delle Cedde""}",1,,,,,,,Fontana delle Cedde,,,,,fountain,,,,,,POINT (11.117152214050293 44.19297790527344),node,,,,
130,0.0,11.277712,5109384933,1505570658,44.474125,,1,,,,,,,Le Dade,,,,,community_centre,,,,,,POINT (11.277711868286133 44.474124908447266),node,,,,
131,0.0,11.277411,5109428821,1505570527,44.474277,,1,,,,,,,,,,,,fountain,,,,,,POINT (11.277411460876465 44.47427749633789),node,,,,
132,0.0,11.36216,5226496676,1627837100,44.490494,,2,,,,,,,,,,,,fountain,,,,,,POINT (11.362159729003906 44.49049377441406),node,,,,
133,0.0,11.4044075,5243023002,1612881655,44.699974,"{""description"":""450 posti""}",2,San Pietro in Casale,,,40018,Via Venti Settembre,cinema@parrocchiasanpietroincasale.it,Cinema Teatro Italia,,,+39 051 818100,http://cinemateatroitalia.altervista.org/,cinema,,,,,,POINT (11.404407501220703 44.699974060058594),node,,,,
134,0.0,11.355799,5266543336,1512503417,44.490185,,1,Bologna,,4,,Via Fondazza,,Roma,,,,https://circuitocinemabologna.it/,cinema,,,,,,POINT (11.355798721313477 44.49018478393555),node,,,,
135,0.0,11.280546,5273462720,1512921077,44.63218,,2,,,,,,,Agorà sala della comunità cine-teatro,,,,,community_centre,,,,,,POINT (11.280546188354492 44.632179260253906),node,,,,
136,0.0,11.71515,5364236620,1524754163,44.35312,"{""old_name"":""Cinema Centrale""}",3,Imola,,210A,40026,Via Emilia,,Sala BCC Città e Cultura,,,,http://www.cinemaincentro.com/Cinema-Centrale-Imola,cinema,,,,,,POINT (11.715149879455566 44.353118896484375),node,,,,
137,0.0,11.064541,5387233069,1517765674,44.330814,,1,,,,,,,sala polivalente pro loco,,,,,community_centre,,,,,,POINT (11.06454086303711 44.330814361572266),node,,,,
138,0.0,11.715051,5414050884,1518691016,44.344578,"{""capacity"":""500""}",2,Imola,,2,40026,Via Fratelli Rosselli,,Sala Convegni Senna,,,,,conference_centre,,,,,,POINT (11.71505069732666 44.34457778930664),node,,,,
139,0.0,11.329326,5501692923,1521917269,44.513916,,2,,,,,,,Spazio Bimbi,,,,,community_centre,,,,,,POINT (11.329325675964355 44.513916015625),node,,,,
140,0.0,11.354445,5552774650,1523723617,44.50003,"{""capacity"":""20""}",1,,,,,,,Piccola biblioteca spontanea,,,,,public_bookcase,,,,,,POINT (11.354445457458496 44.500030517578125),node,,,,
141,0.0,11.24467,5573909621,1572777884,44.394882,,2,,,,,,,Il Giardino Segreto,,,,,community_centre,,,,,,POINT (11.244669914245605 44.39488220214844),node,,,,
142,0.0,11.35312,5600606821,1525630319,44.504616,,1,,,7,40128,Via Emilio Zago,,Freakout Club,Tu-Su 22:00-02:00,,,,nightclub,,,,,,POINT (11.353119850158691 44.504615783691406),node,,,,
143,0.0,11.763552,5659255829,1527966251,44.414093,,1,,,,,,,Cap Creus,,,,,nightclub,,,,,,POINT (11.763551712036133 44.414093017578125),node,,,,
144,0.0,11.100585,5736817560,1530999398,44.46988,,2,,,,,,,"Sala Polivalente ""Sognoveglio""",,,,,theatre,,,,,,POINT (11.100584983825684 44.469879150390625),node,,,,
145,0.0,11.179945,5741343567,1530798139,44.526962,,1,,,,,,,,,,,,fountain,,,,,,POINT (11.17994499206543 44.52696228027344),node,,,,
146,0.0,11.337266,5800912484,1533115003,44.498997,"{""payment:cash"":""yes""}",1,,,,,,,Cineteca - Sala Cervi,,,,http://www.cinetecadibologna.it/cineteca/dovesiamo/l_6,cinema,,,,,,POINT (11.337265968322754 44.49899673461914),node,,,,
147,0.0,11.352163,5849550065,1534957334,44.540398,,1,,,,,,,,,,,,fountain,,,,,,POINT (11.352163314819336 44.54039764404297),node,,,,
148,0.0,11.220533,5901539030,1569233123,44.484703,,3,,,,,,,,,,,,fountain,,,,,,POINT (11.22053337097168 44.484703063964844),node,,,,
149,0.0,11.343221,5951078910,1628512521,44.49423,,2,,,,,,,Cineteca Bologna,,,,,cinema,,,,,,POINT (11.343220710754395 44.49422836303711),node,,,,
150,0.0,11.698738,6138094242,1544820989,44.36777,,1,Imola,,19,40026,Viale Maria Zanotti,,Circolo Pontesanto,,,,,community_centre,,,,,,POINT (11.698738098144531 44.36777114868164),node,,,,
151,0.0,11.443235,6192551840,1546960004,44.60845,,1,,,,,,info@certenotti.eu,Certe Notti,,,+39 051 033 22 25,http://www.certenotti.eu,swingerclub,,,,,,POINT (11.443235397338867 44.60845184326172),node,,,,
152,0.0,11.112688,6195722441,1549348447,44.28253,"{""payment:cash"":""yes"",""payment:coins"":""yes""}",3,Vergato,,5,40038,Via Giuseppe Garibaldi,cinema_nuovo_vergato@libero.it,Nuovo,Sa-Su 20:30-23:00,,,,cinema,,,,,,POINT (11.112688064575195 44.28253173828125),node,,,,
153,0.0,11.69848,6196002252,1547055355,44.35161,"{""alt_name"":""Centro Culturale e Ricreativo Primola""}",1,Imola,,2C,40026,Via Cesare Lippi,,Centro Sociale Ina Casa,,,,,community_centre,,,,,,POINT (11.698479652404785 44.35160827636719),node,,,,
154,0.0,11.149616,6230099737,1548256589,44.72206,,1,,,,,,,,,,,,cinema,,,,,,POINT (11.149616241455078 44.72206115722656),node,,,,
155,0.0,11.682075,6235769474,1548413036,44.342747,,1,Imola,,24,40026,Via Punta,info@tozzona.com,"Centro sociale ""La Tozzona""",,,+39 0542 1905213,http://www.tozzona.com/,community_centre,,,,,,POINT (11.682074546813965 44.34274673461914),node,,,,
156,0.0,11.722062,6236741602,1548441540,44.364594,,1,Imola,,20B,40026,Via Serraglio,,Centro Sociale La Stalla,,,,http://www.cslastalla.it/,community_centre,,,,,,POINT (11.722062110900879 44.364593505859375),node,,,,
157,0.0,11.20616,6269737085,1589027643,44.34247,,7,,,3A,40043,,ariel.marzabotto@gmail.com,ARiEL,,,+39 335 7154245,,community_centre,,,,,,POINT (11.206159591674805 44.34246826171875),node,,,,
158,0.0,11.460021,6313723847,1551825877,44.40264,,4,,,,,,,,,ACS Amici Cagnano Settefonti,,,public_bookcase,,,,,,POINT (11.460021018981934 44.40264129638672),node,,,,
159,0.0,11.619743,6344611495,1552901753,44.298725,,1,,,,,,,,,,,,fountain,no,,,,,POINT (11.619743347167969 44.29872512817383),node,,,,
160,0.0,11.638759,6385446917,1554463594,44.47742,,1,Medicina,,60,40059,Via Libertà,,Sala del Suffragio - Teatro di Medicina,,,,,theatre,,,,,,POINT (11.638758659362793 44.477420806884766),node,,,,
161,0.0,11.682431,6450745672,1557090745,44.34604,,1,Imola,,70,40026,Via Antonio Vivaldi,cinepedagna@gmail.com,Cinema Teatro Pedagna,,,+390542682488,https://www.cinemapedagna.it/,cinema,,,,,,POINT (11.6824312210083 44.346038818359375),node,,,,
162,0.0,11.189876,6516970122,1559508311,44.35974,,1,,,,,,,,,,,,fountain,,,,,,POINT (11.189875602722168 44.3597412109375),node,,,,
163,0.0,11.214492,6723327348,1570257152,44.16985,,3,,,,,,,,,,,,fountain,,,,,,POINT (11.214491844177246 44.16984939575195),node,,,,
164,0.0,11.274144,6860481332,1570541991,44.481884,,1,,,,,,,,,,,,fountain,,,,,,POINT (11.274144172668457 44.48188400268555),node,,,,
165,0.0,11.251902,6877716786,1572777208,44.40488,,3,,,,40037,,,Assiraj Almomir,,,,,community_centre,,,,,,POINT (11.251901626586914 44.40488052368164),node,,,,
166,0.0,11.377384,7141484594,1579371900,44.507507,,1,,,,,,,Covo Club,,,,,nightclub,,,,,,POINT (11.377384185791016 44.50750732421875),node,,,,
167,0.0,11.361,7252348532,1582967640,44.51438,,1,Bologna,,6,40128,Via Alfredo Calzoni,,Kindergarten,,,,https://www.derkindergarten.it/,nightclub,,,,,,POINT (11.361000061035156 44.514381408691406),node,,,,
168,0.0,11.1989765,7618646707,1592088200,44.457558,"{""lit"":""no""}",1,,,,,,,,,,,,fountain,no,,,,,POINT (11.198976516723633 44.457557678222656),node,,,,
169,0.0,11.276038,7632795496,1592492617,44.477962,,1,,,,,,,,,,,,fountain,,,,,,POINT (11.27603816986084 44.477962493896484),node,,,,
170,0.0,11.276013,7657262779,1593208727,44.55846,,1,,,,,,,,,,,,fountain,,,,,,POINT (11.276013374328613 44.5584602355957),node,,,,
171,0.0,11.276222,7657262780,1593208727,44.55874,,1,,,,,,,,,,,,fountain,,,,,,POINT (11.276222229003906 44.558738708496094),node,,,,
172,0.0,11.39567,7787196596,1596626280,44.488083,,1,,,,,,,,,,,,fountain,,,,,,POINT (11.395669937133789 44.48808288574219),node,,,,
173,0.0,11.395069,7787196616,1596626280,44.48835,,1,,,,,,,,,,,,fountain,,,,,,POINT (11.395069122314453 44.48834991455078),node,,,,
174,0.0,11.352923,7849169931,1598519088,44.57044,,1,,,,,,,,,,,,fountain,,,,,,POINT (11.352923393249512 44.570438385009766),node,,,,
175,0.0,11.731791,7876675567,1599254656,44.45828,,1,,,,,,,,,,,,fountain,,,,,,POINT (11.731790542602539 44.45827865600586),node,,,,
176,0.0,11.298189,8642633386,1618816971,44.715744,,1,,,,,,,Palacavicchi,,,,,conference_centre,,,,,,POINT (11.298189163208008 44.71574401855469),node,,,,
177,0.0,11.425483,8726164498,1620848748,44.45264,,1,San Lazzaro di Savena,,5F,40068,Via Palazzetti,,Sicer Srl,,,,http://www.sicersrl.com/,conference_centre,,,,,,POINT (11.425482749938965 44.452640533447266),node,,,,
178,0.0,11.508446,8855155005,1624306414,44.40192,,1,,,,,,,,,,,,fountain,,,,,,POINT (11.508445739746094 44.401920318603516),node,,,,
179,0.0,11.5086155,8855155006,1624306414,44.4019,,1,,,,,,,,,,,,fountain,,,,,,POINT (11.508615493774414 44.40190124511719),node,,,,
180,0.0,11.508775,8855155007,1624306414,44.401882,,1,,,,,,,,,,,,fountain,,,,,,POINT (11.508774757385254 44.40188217163086),node,,,,
181,0.0,11.50894,8855155008,1624306414,44.40185,,1,,,,,,,,,,,,fountain,,,,,,POINT (11.508939743041992 44.401851654052734),node,,,,
182,0.0,11.5088825,8868277422,1624722919,44.401314,,1,,,,,,,,,,,,fountain,,,,,,POINT (11.508882522583008 44.40131378173828),node,,,,
183,0.0,11.446679,9034551661,1629888139,44.549976,,1,Granarolo dell'Emilia,,,40057,Via San Donato,,Il roseto,,,,,community_centre,,,,,,POINT (11.44667911529541 44.54997634887695),node,,,,
184,0.0,11.558967,9081549561,1631348607,44.258766,,1,,,,,,,,,,,,fountain,,,,,,POINT (11.558966636657715 44.258766174316406),node,,,,
185,0.0,11.403862,9323343319,1639041770,44.702435,"{""toilets"":""yes""}",1,San Pietro in Casale,,21,40018, Via Guglielmo Oberdan,, Discoteca Vivi  Le Grotte,,, +39 051 818788,http://www.vividiscoteca.it/,nightclub,,,,,,POINT (11.403861999511719 44.70243453979492),node,,,,
186,0.0,11.40242,9323343617,1639041429,44.707367,,1,San Pietro in Casale,,19,40018,Via Giuseppe Massarenti,,Centro Sociale Anziani Ernesto Faccioli,,,+39 051818351,,community_centre,,,,,,POINT (11.402420043945312 44.707366943359375),node,,,,
187,,,59464887,1507918966,,,3,,,,,,,Cinema teatro Don Fiorentini,,,,,cinema,,,Bing,,,"POLYGON ((11.7105256 44.3610805, 11.710645 44.3610329, 11.7106594 44.3610513, 11.7107611 44.3610107, 11.7106569 44.3608774, 11.7104359 44.3609656, 11.7105256 44.3610805))",way,commercial,,,
188,,,59565471,1558623053,,"{""air_conditioning"":""yes"",""wheelchair"":""limited""}",7,Imola,,16,40026,Via Eugenio Curiel,,Centro Sociale Campanella,,,+39054226777,,social_centre,,,,,,"POLYGON ((11.7253475 44.3529802, 11.7258598 44.3530038, 11.7258569 44.3530387, 11.7259399 44.3530423, 11.7259518 44.3529033, 11.7256685 44.352891, 11.7256644 44.3529281, 11.7253557 44.3529112, 11.7253475 44.3529802))",way,yes,,,wlan
189,,,99498999,1394987465,,,3,,,,,,,Sala Civica,,Municipio,,,community_centre,,,,,,"POLYGON ((11.0044187 44.2784388, 11.0048066 44.2784672, 11.0048145 44.2784117, 11.0049941 44.2784248, 11.0050105 44.2783105, 11.0050663 44.2783146, 11.0050768 44.278241, 11.0048432 44.2782239, 11.0048514 44.2781667, 11.0047035 44.2781559, 11.0046907 44.2782449, 11.0044489 44.2782272, 11.0044187 44.2784388))",way,yes,,,
190,,,119018944,1308989831,,,1,,,,,,,,,,,,nightclub,,,,,,"POLYGON ((11.4153835 44.7001027, 11.4151498 44.6994405, 11.4156017 44.69936, 11.4158354 44.7000221, 11.4153835 44.7001027))",way,,,,
191,,,142647208,1324761004,,"{""alt_name"":""Donky"",""smoking"":""yes""}",1,,,,,,,Don Chisciotte,,,,,nightclub,,,,,,"POLYGON ((11.3663368 44.7640859, 11.3660953 44.7638822, 11.3662886 44.7637667, 11.3665301 44.7639704, 11.3663368 44.7640859))",way,yes,,,
192,,,148714199,1576601369,,,2,Imola,,43,40026,Via Ladello,,Teatro di Balia,,,,,theatre,,,Regione Emilia Romagna,,,"POLYGON ((11.7564651 44.471568, 11.7565421 44.4716908, 11.7566493 44.4716564, 11.7566091 44.4715946, 11.7565712 44.4715339, 11.7565208 44.47155, 11.7564651 44.471568))",way,yes,1,,
193,,,148750364,1328546828,,,3,,,,,,,,,,,,fountain,,,,,,"POLYGON ((11.3401828 44.5095037, 11.3403049 44.5092107, 11.3402461 44.5091886, 11.3401872 44.5091665, 11.3401828 44.5095037))",way,,,,
194,,,148826404,1544390607,,"{""barrier"":""hedge"",""wikidata"":""Q36673969""}",3,,,,,,,Arena Puccini,,,,,cinema,,,,,,"POLYGON ((11.3516852 44.507198, 11.3520626 44.5070876, 11.3518126 44.506653, 11.3514352 44.5067634, 11.3516852 44.507198))",way,,,,
195,,,149135806,1627156900,,,3,Bologna,,,40128,,,Teatro Europa Auditorium (TEA),,,,,theatre,,,Regione Emilia Romagna,,,"POLYGON ((11.3625469 44.5118189, 11.3626413 44.5120078, 11.3626866 44.5120984, 11.3627248 44.5121748, 11.3627743 44.5122739, 11.363267 44.5121486, 11.3632585 44.5121317, 11.36338 44.5121008, 11.3633485 44.512038, 11.3632104 44.5120731, 11.3631944 44.512041, 11.3630794 44.5118112, 11.3630605 44.5117734, 11.363177 44.5117437, 11.3631524 44.5116946, 11.3630605 44.5117179, 11.3630474 44.5116917, 11.3628993 44.5117293, 11.3625469 44.5118189))",way,yes,,,
196,,,149938980,1629369476,,"{""healthcare:speciality"":""vaccination"",""old_name"":""Ex Chiesa Osservanza"",""vaccination"":""covid19""}",5,,,,,Via Vittorio Padovani,,Auditorium Osservanza,,,,,conference_centre,,,Regione Emilia Romagna,,,"POLYGON ((11.7061727 44.3491834, 11.7062192 44.3492237, 11.7062144 44.3492401, 11.7062138 44.3492569, 11.7062175 44.3492735, 11.7062251 44.3492893, 11.7062368 44.3493038, 11.7062528 44.3493172, 11.706272 44.3493282, 11.7062938 44.3493362, 11.7063174 44.3493413, 11.7063416 44.349343, 11.7063662 44.3493413, 11.7064031 44.3493734, 11.7065047 44.3493131, 11.7064652 44.34928, 11.7064702 44.3492642, 11.7064713 44.3492479, 11.7064685 44.3492318, 11.7064619 44.3492162, 11.7064517 44.3492017, 11.706438 44.3491886, 11.7064221 44.3491777, 11.7064038 44.3491689, 11.7063835 44.3491623, 11.7063621 44.3491583, 11.7063401 44.349157, 11.7063181 44.3491582, 11.7062761 44.3491219, 11.7061727 44.3491834))",way,yes,,,
197,,,150394274,1398615818,,,4,,,,,,,Cinema-Teatro Jolly,,,,http://www.cineteatrojolly.com/,cinema,,,Regione Emilia Romagna,,,"POLYGON ((11.589026 44.3969427, 11.5891435 44.3971353, 11.5892792 44.39709, 11.5891618 44.3968928, 11.589026 44.3969427))",way,yes,,,
198,,,150400821,1508536473,,"{""wikidata"":""Q35974037""}",3,Castel San Pietro Terme,,,40024,Viale delle Terme,,Arena Comunale,,,,,theatre,,,Regione Emilia Romagna,,,"POLYGON ((11.5882541 44.3942462, 11.588267 44.3943161, 11.5882961 44.3943861, 11.5883465 44.394435, 11.5884078 44.3944724, 11.5885383 44.3943973, 11.5886797 44.3943432, 11.5888496 44.394283, 11.5887528 44.3941225, 11.5885611 44.394192, 11.588409 44.3942287, 11.5882541 44.3942462))",way,yes,,,
199,,,150608199,1600276652,,"{""natural"":""water""}",2,,,,,,,,,,,,fountain,,,,,,"POLYGON ((11.3400243 44.5023472, 11.3400059 44.5023044, 11.3400061 44.5022925, 11.3400142 44.5022859, 11.3400268 44.5022873, 11.3400372 44.5022976, 11.3400555 44.5023404, 11.3400569 44.5023549, 11.3400479 44.5023612, 11.3400349 44.5023597, 11.3400243 44.5023472))",way,,,,
200,,,150608200,1600276652,,"{""natural"":""water""}",2,,,,,,,,,,,,fountain,,,,,,"POLYGON ((11.3401627 44.5020841, 11.3402267 44.5020699, 11.3402449 44.50207, 11.340253 44.5020763, 11.3402517 44.5020847, 11.340236 44.5020914, 11.3401721 44.5021055, 11.3401545 44.5021053, 11.3401482 44.5020999, 11.3401488 44.5020928, 11.3401627 44.5020841))",way,,,,
201,,,150608203,1600276652,,"{""natural"":""water""}",2,,,,,,,,,,,,fountain,,,,,,"POLYGON ((11.3397314 44.5022024, 11.3396701 44.5022167, 11.3396514 44.5022176, 11.3396436 44.5022113, 11.3396447 44.5022034, 11.3396608 44.5021964, 11.3397221 44.5021821, 11.3397396 44.5021819, 11.3397485 44.5021882, 11.339746 44.5021961, 11.3397314 44.5022024))",way,,,,
202,,,150608206,1600276652,,"{""natural"":""water""}",2,,,,,,,,,,,,fountain,,,,,,"POLYGON ((11.339863 44.5019883, 11.3398744 44.5019999, 11.339888 44.5020006, 11.3398971 44.501995, 11.3398963 44.5019806, 11.3398783 44.5019412, 11.3398681 44.5019283, 11.3398526 44.5019259, 11.339842 44.501935, 11.339845 44.5019489, 11.339863 44.5019883))",way,,,,
203,,,150608209,1600276652,,"{""natural"":""water""}",2,,,,,,,,,,,,fountain,,,,,,"POLYGON ((11.3399198 44.5020352, 11.3399298 44.5020607, 11.3399679 44.5020608, 11.3400058 44.5020702, 11.3400343 44.5020861, 11.3400547 44.5021074, 11.3400923 44.5020992, 11.3401024 44.5021215, 11.3400638 44.5021298, 11.3400634 44.5021557, 11.3400513 44.5021812, 11.3400306 44.5022011, 11.3400008 44.5022165, 11.3400146 44.5022455, 11.339979 44.5022536, 11.3399676 44.5022245, 11.3399305 44.5022246, 11.3398963 44.5022168, 11.3398649 44.5022006, 11.339843 44.5021783, 11.3398049 44.5021856, 11.3397968 44.5021663, 11.3398359 44.5021583, 11.3398356 44.5021328, 11.3398462 44.5021082, 11.3398672 44.5020867, 11.3398983 44.5020703, 11.3398854 44.502043, 11.3399198 44.5020352))",way,,,,
204,,,150682349,1632231390,,,3,,,,,,,,,,,,conference_centre,,,Regione Emilia Romagna,,,"POLYGON ((11.390057 44.4910723, 11.3903923 44.4910823, 11.3903965 44.4910284, 11.3904078 44.4908842, 11.3902363 44.4908778, 11.3900685 44.4908715, 11.390057 44.4910723))",way,yes,4,,
205,,,150684319,1598371478,,"{""wikidata"":""Q36839338""}",5,Bologna,,3,40139,Viale Abramo Lincoln,,Cinema Fossolo,,,+39 051 540145,http://www.cinemateatrofossolo.it/,cinema,,,Regione Emilia Romagna,,,"POLYGON ((11.3875239 44.4821028, 11.3875436 44.4821286, 11.387652 44.4822701, 11.3876714 44.4822954, 11.3878469 44.4822266, 11.3879044 44.4822042, 11.3881359 44.4821139, 11.3880972 44.4820635, 11.388017 44.4820946, 11.3879464 44.4820015, 11.3880255 44.4819709, 11.3879878 44.4819214, 11.3875239 44.4821028))",way,yes,,,
206,,,150825530,1637747727,,"{""year_of_construction"":""1763""}",3,,,,,,,Teatro di Villa Aldrovandi Mazzacorati,,,,,theatre,,,Regione Emilia Romagna,,,"POLYGON ((11.3698869 44.4694321, 11.3700941 44.469504, 11.3701364 44.4694523, 11.3700617 44.4694259, 11.3700666 44.4694187, 11.3699293 44.4693702, 11.3698869 44.4694321))",way,yes,,,
207,,,150829773,1553081751,,,3,San Lazzaro di Savena,,26,40068,Via Rimembranze,,ITC Teatro,,Teatro dell'Argine,,https://www.itcteatro.it/,theatre,,,Regione Emilia Romagna,,,"POLYGON ((11.4043044 44.4691208, 11.4043612 44.4691893, 11.404394 44.4692289, 11.4044488 44.4692949, 11.4046168 44.4692234, 11.4044724 44.4690494, 11.4043044 44.4691208))",way,yes,,,
208,,,150954395,1332624446,,,3,,,,,,,Estragon,,,,,nightclub,,,Regione Emilia Romagna,,,"POLYGON ((11.3706291 44.5218152, 11.3707 44.5220232, 11.3707134 44.5220208, 11.371094 44.5219527, 11.3712408 44.5219264, 11.3711686 44.5217144, 11.3710215 44.5217419, 11.3709714 44.5217512, 11.3708889 44.5217666, 11.3706291 44.5218152))",way,yes,,,
209,,,150985864,1475168584,,,2,Bologna,,,40133,Via Emilia Ponente,,Centro Sociale Santa Viola,,,,,community_centre,,,Regione Emilia Romagna,,,"POLYGON ((11.305105 44.5071648, 11.3052013 44.5073142, 11.305457 44.5072316, 11.3053606 44.5070831, 11.305105 44.5071648))",way,yes,,,
210,,,151141178,1604524080,,"{""wheelchair"":""yes"",""wikidata"":""Q3982311""}",9,Bologna,,,,Via Saragozza,,Le Celebrazioni,,,,,theatre,,,Regione Emilia Romagna,,it:Teatro delle Celebrazioni,"POLYGON ((11.3123449 44.4895918, 11.3123074 44.4896359, 11.312294 44.4897009, 11.3123816 44.4897433, 11.3124153 44.4897596, 11.3124905 44.4897262, 11.3125863 44.4896837, 11.3127687 44.4896913, 11.3128197 44.4896703, 11.3128331 44.4895555, 11.3126595 44.4894673, 11.3126687 44.4893895, 11.312644 44.4893785, 11.3126517 44.4893182, 11.3124327 44.4893046, 11.3124272 44.4893623, 11.3124047 44.4893754, 11.3123922 44.489447, 11.3123181 44.4894923, 11.312302 44.4895746, 11.3123449 44.4895918))",way,public,,,
211,,,152374545,1631919820,,,5,,,,,,,Teatro Biagi D'Antona,,,,,theatre,,,Regione Emilia Romagna,,,"POLYGON ((11.3519795 44.5805701, 11.35199 44.5805899, 11.3520454 44.5806947, 11.3520644 44.5807305, 11.3520702 44.5807415, 11.3523175 44.5806746, 11.3522269 44.5805032, 11.3519795 44.5805701))",way,yes,,,
212,,,152697622,1594142569,,"{""studio"":""radio""}",2,,,,,,,Radio Nettuno,,,,,studio,,,Regione Emilia Romagna,,,"POLYGON ((11.3589193 44.5963325, 11.3590749 44.5965628, 11.3595863 44.5963877, 11.3594307 44.5961573, 11.3589193 44.5963325))",way,yes,,,
213,,,153236974,1645003812,,,2,,,,,,,,,,,,nightclub,,,,,,"POLYGON ((11.4031774 44.702437, 11.4032604 44.7025271, 11.4034008 44.7026794, 11.4037824 44.7025011, 11.4038037 44.7025229, 11.4041357 44.702361, 11.4039309 44.7021616, 11.4037021 44.7019553, 11.403614 44.7019966, 11.4034572 44.702085, 11.4035815 44.7022315, 11.4032645 44.7023944, 11.4031774 44.702437))",way,yes,,,
214,,,153254331,1608310117,,"{""community_centre"":""youth_centre""}",3,,,,,,,,,,,,community_centre,,,Regione Emilia Romagna,,,"POLYGON ((11.3764544 44.6460585, 11.3764863 44.6461253, 11.37656 44.6461074, 11.3765763 44.6461414, 11.3767019 44.6461109, 11.376638 44.6459769, 11.376513 44.6460073, 11.3765288 44.6460404, 11.3764544 44.6460585))",way,yes,,,
215,,,153254367,1461460185,,"{""community_centre"":""village_hall""}",2,,,,,,,Centro Civico Padre Marella,,,,,community_centre,,,Regione Emilia Romagna,,,"POLYGON ((11.3754292 44.6435772, 11.3754908 44.6436938, 11.3755188 44.6436863, 11.3755739 44.6437907, 11.3756115 44.6437805, 11.3755999 44.6437586, 11.3757809 44.6437098, 11.3756759 44.6435108, 11.3754292 44.6435772))",way,yes,,,
216,,,154561217,1357662538,,,2,,,,,,,Centro Culturale Tonelli,,,,,theatre,,,Regione Emilia Romagna,,,"POLYGON ((11.4117312 44.4494141, 11.4120807 44.4494582, 11.4120862 44.4494359, 11.4122804 44.4494605, 11.4123063 44.4493556, 11.4121087 44.4493306, 11.4121045 44.4493478, 11.4120001 44.4493346, 11.4120457 44.4491493, 11.411822 44.449121, 11.4117764 44.4493063, 11.4117584 44.449304, 11.4117312 44.4494141))",way,yes,,,
217,,,156087842,1546105497,,,2,,,,,,,"Sala civica ""Antonio Gandolfi""",,,,,community_centre,,,Regione Emilia Romagna,,,"POLYGON ((10.9785849 44.1804765, 10.978716 44.1805838, 10.9789532 44.1804347, 10.9788221 44.1803274, 10.9785849 44.1804765))",way,civic,,,
218,,,156521693,1593338305,,,2,,,,,,,Rendez Vous,,,,,nightclub,,,Regione Emilia Romagna,,,"POLYGON ((11.2396455 44.212661, 11.2397415 44.2127887, 11.2399335 44.212714, 11.2398375 44.2125863, 11.2396455 44.212661))",way,yes,,,
219,,,156841469,1631478049,,,2,,,,,,,Teatro delle Ariette,,,,http://www.teatrodelleariette.it/index.asp,theatre,,,Regione Emilia Romagna,,,"POLYGON ((11.0492554 44.4604884, 11.0493215 44.4605543, 11.0495659 44.4604292, 11.0494998 44.4603634, 11.0492554 44.4604884))",way,yes,,,
220,,,190765868,1544390607,,"{""wikidata"":""Q35973598""}",5,,,,,,,Teatro Consorziale,,,,,theatre,,,,,,"POLYGON ((11.5372216 44.5380146, 11.5372359 44.5380391, 11.5373985 44.5379831, 11.5373644 44.537936, 11.5373276 44.5378852, 11.5372949 44.5378958, 11.537278 44.5378694, 11.5372511 44.5378809, 11.5371975 44.5378082, 11.537176 44.5378235, 11.5371599 44.5378025, 11.5371312 44.5377791, 11.537235 44.5377394, 11.5372216 44.5377221, 11.5371626 44.5376457, 11.5368314 44.5377699, 11.5368998 44.5378712, 11.53694 44.5379344, 11.5369025 44.5379497, 11.5369105 44.5379573, 11.53694 44.5380031, 11.5369641 44.5379955, 11.5369777 44.5380166, 11.5370386 44.5379938, 11.5370553 44.5380223, 11.5370698 44.5380405, 11.5370982 44.538028, 11.537113 44.5380534, 11.5372216 44.5380146))",way,public,,,
221,,,231411478,1374909623,,,1,,,,,,,Teatro Comunale di Castello d'Argile,,,,,theatre,,,,,,"POLYGON ((11.2966958 44.6829865, 11.2967629 44.682956, 11.2966717 44.6828606, 11.2967548 44.6828149, 11.296677 44.6827405, 11.2965912 44.6827844, 11.2965644 44.6827519, 11.296492 44.6827863, 11.2966958 44.6829865))",way,yes,,,
222,,,254368278,1553680433,,,3,Bologna,,110,,Via Paolo Fabbri,,Vag61 Spazio Libero Autogestito,,,,https://vag61.noblogs.org/,community_centre,,,,,,"POLYGON ((11.3619303 44.5000878, 11.3617828 44.5001911, 11.3615817 44.500325, 11.3614207 44.5002141, 11.3616972 44.5000193, 11.3619008 44.5000419, 11.3619303 44.5000878))",way,,,,
223,,,258015726,1415896014,,,2,,,,,,,Discoteca,,,,,nightclub,,,,,,"POLYGON ((11.0652226 44.3340618, 11.0649634 44.3340963, 11.0650183 44.3342865, 11.0652775 44.3342488, 11.0652226 44.3340618))",way,yes,,,
224,,,266871093,1395140764,,"{""ref:corine_land_cover"":""1213""}",2,,,,,,,,,,,,community_centre,,,http://dati.emilia-romagna.it/dato/item/11-11-uso-del-suolo-2008.html,,,"POLYGON ((11.2995401 44.7161227, 11.2999382 44.7159341, 11.2990123 44.7147516, 11.298871 44.714571, 11.2985597 44.7148181, 11.2985433 44.7148676, 11.297949 44.7151792, 11.2972841 44.7154458, 11.2982942 44.7166418, 11.2989769 44.7163873, 11.2995401 44.7161227))",way,,,,
225,,,266885438,1416000542,,"{""ref:corine_land_cover"":""1423""}",3,,,,,,,,,*,,,community_centre,,,http://dati.emilia-romagna.it/dato/item/11-11-uso-del-suolo-2008.html,,,"POLYGON ((11.3075962 44.67876, 11.3078926 44.6786589, 11.3084043 44.6785174, 11.308485 44.6784443, 11.3084736 44.6777418, 11.3084989 44.6767584, 11.3084631 44.6766224, 11.3084534 44.6764908, 11.3081228 44.6765793, 11.3079758 44.676307, 11.3078304 44.6760751, 11.3076078 44.6761848, 11.3075151 44.6761381, 11.307123 44.6762675, 11.3074725 44.6767787, 11.3062524 44.6772083, 11.3054384 44.677573, 11.303796 44.6782297, 11.3023085 44.6787861, 11.302564 44.6792182, 11.3046802 44.6784457, 11.3055272 44.6795553, 11.3075962 44.67876))",way,,,,
226,,,278905151,1399048191,,,1,,,,,,,Poldolandia,,MongiuEvents,,,community_centre,,,Regione Emilia Romagna,,,"POLYGON ((11.3532478 44.5830134, 11.3531547 44.5830385, 11.3531042 44.5829437, 11.3531541 44.58293, 11.3531335 44.5828922, 11.3531781 44.5828799, 11.3532478 44.5830134))",way,yes,,,
227,,,295968603,1546522699,,"{""wikidata"":""Q46496823""}",3,San Giovanni in Persiceto,,72,40017,Corso Italia,,Teatro comunale Politeama,,,,,theatre,,,,,,"POLYGON ((11.1865584 44.638657, 11.1864082 44.6384967, 11.1865812 44.6384638, 11.1865953 44.638481, 11.1867971 44.6383927, 11.1867906 44.6383849, 11.1868521 44.6383617, 11.1869594 44.6384671, 11.1865584 44.638657))",way,yes,,,
228,,,296146477,1407314226,,,2,,,,,,,Teatro Fanin,,,,,theatre,,,,,,"POLYGON ((11.1885606 44.6382731, 11.1887381 44.6381616, 11.1883929 44.6378813, 11.1882497 44.637765, 11.1881923 44.637801, 11.1881741 44.6377863, 11.1881054 44.6378295, 11.1881151 44.6378373, 11.1880605 44.637869, 11.1881953 44.6379764, 11.1885606 44.6382731))",way,yes,,,
229,,,488472745,1492783113,,,1,,,,,,,,,,,,fountain,,,,,,"POLYGON ((11.496195 44.5535412, 11.4961869 44.5535488, 11.496193 44.5535626, 11.4962113 44.5535684, 11.4962245 44.5535655, 11.4962387 44.5535691, 11.4962448 44.5535742, 11.4962611 44.553572, 11.4962702 44.5535582, 11.4962682 44.5535466, 11.4962733 44.5535409, 11.4962865 44.5535329, 11.4962855 44.5535206, 11.4962784 44.5535119, 11.4962589 44.5535169, 11.4962434 44.5535147, 11.4962354 44.5535066, 11.4962118 44.5535057, 11.4962038 44.5535136, 11.4961978 44.5535229, 11.4961997 44.5535321, 11.496195 44.5535412))",way,,,,
230,,,561636974,1628503393,,"{""barrier"":""wall"",""lit"":""yes"",""name:cs"":""Neptunova font\u00E1na"",""name:ru"":""\u0424\u043E\u043D\u0442\u0430\u043D \u041D\u0435\u043F\u0442\u0443\u043D\u0430"",""tourism"":""attraction"",""wikidata"":""Q994471""}",5,,,,,,,Fontana del Nettuno,,,,,fountain,no,,,,it:Fontana del Nettuno (Bologna),"POLYGON ((11.342628 44.4942922, 11.3426301 44.4942993, 11.3426398 44.4942978, 11.3426417 44.494304, 11.3427007 44.494295, 11.3426988 44.4942887, 11.3427075 44.4942874, 11.3427057 44.4942815, 11.3427139 44.4942803, 11.3427008 44.4942362, 11.3426934 44.4942374, 11.3426913 44.4942304, 11.3426834 44.4942316, 11.3426816 44.4942257, 11.34262 44.494235, 11.3426219 44.4942415, 11.3426143 44.4942427, 11.3426167 44.4942505, 11.3426072 44.494252, 11.3426196 44.4942935, 11.342628 44.4942922))",way,,,jet_water,
231,,,561639248,1518737733,,"{""artist_name"":""Diego Sarti"",""barrier"":""wall"",""name:en"":""Fountain of the Mermaids"",""natural"":""water"",""year_of_construction"":""1888""}",3,,,,,,,Fontana delle Sirene,,,,,fountain,,,,,,"POLYGON ((11.3463111 44.5027078, 11.3463538 44.5027272, 11.346403 44.5027358, 11.3464534 44.5027326, 11.3464997 44.502718, 11.3465369 44.5026935, 11.3465611 44.5026617, 11.3465695 44.5026261, 11.3465613 44.5025904, 11.3465375 44.5025585, 11.3465 44.5025336, 11.3464532 44.5025188, 11.3464022 44.5025157, 11.3463525 44.5025247, 11.3463096 44.5025447, 11.3462783 44.5025736, 11.3462619 44.5026082, 11.3462622 44.5026447, 11.3462792 44.5026792, 11.3463111 44.5027078))",way,,,,
232,,,561640982,1518737469,,"{""name:en"":""The Fountain of Nymph and Seahorse"",""natural"":""water""}",1,,,,,,,Fontana della Ninfa e del Cavallo Marino,,,,,fountain,,,,,,"POLYGON ((11.345641 44.5035539, 11.3456112 44.503569, 11.3455761 44.503576, 11.3454625 44.5035232, 11.3454574 44.5034974, 11.3454646 44.5034719, 11.345641 44.5035539))",way,,,,
233,,,593837817,1528126284,,,1,,,,,,,"Centro Sociale ""G. Baiesi""",,,,,community_centre,,,,,,"POLYGON ((11.1117573 44.4355457, 11.1118842 44.4355194, 11.1118307 44.4353933, 11.1117638 44.4354077, 11.1117046 44.4354191, 11.1117573 44.4355457))",way,yes,,,
234,,,593854580,1531734458,,,2,Stiore,,2,,Via Sant'Egidio,,"Centro Sociale ""A. Lanzarini""",,,,,community_centre,,,local knowledge,,,"POLYGON ((11.1181595 44.4725525, 11.1183993 44.4725885, 11.1184222 44.4725337, 11.118179 44.4724977, 11.1181595 44.4725525))",way,yes,,,
235,,,594623965,1528289578,,,1,,,,,,,,,,,,community_centre,,,,,,"POLYGON ((10.9927897 44.1295605, 10.9928151 44.1294273, 10.9925813 44.1294043, 10.9925569 44.1295319, 10.9926708 44.1295431, 10.9926648 44.1295746, 10.9927456 44.1295826, 10.9927505 44.1295566, 10.9927897 44.1295605))",way,yes,,,
236,,,618919950,1534956280,,,1,Loiano,,,,,,Planetario,,Osservatorio Astronomico,,,planetarium,,,,,,"POLYGON ((11.3321325 44.2567057, 11.3321416 44.2567134, 11.3321542 44.2567188, 11.3321686 44.2567209, 11.3321831 44.2567194, 11.3321961 44.2567145, 11.3322062 44.2567069, 11.3322121 44.2566973, 11.3322132 44.2566868, 11.3322093 44.2566766, 11.332201 44.256668, 11.3321898 44.256662, 11.3321764 44.2566589, 11.3321624 44.256659, 11.3321492 44.2566623, 11.3321381 44.2566684, 11.3321303 44.2566767, 11.3321266 44.2566864, 11.3321274 44.2566964, 11.3321325 44.2567057))",way,yes,,,
237,,,719100802,1574008897,,"{""theatre:type"":""amphi""}",2,Fontanelice,,27,40021,Via Siepi San Giovanni,,Teatro Nei Vigneti,,,,,theatre,,,,,,"POLYGON ((11.5734239 44.2633869, 11.5737412 44.2635789, 11.5737505 44.2636208, 11.5739323 44.2636274, 11.5739384 44.2635811, 11.5742465 44.2633693, 11.5741849 44.2633229, 11.574111 44.2632722, 11.5740093 44.2632369, 11.573883 44.263206, 11.573769 44.2632148, 11.5736796 44.2632236, 11.5736118 44.2632369, 11.5735348 44.2632678, 11.573467 44.2633295, 11.5734239 44.2633869))",way,,,,
238,,,737346643,1571674062,,,1,,,,,,,,,,,,fountain,,,,,,"POLYGON ((11.3607944 44.4877519, 11.3607706 44.4877414, 11.3607589 44.487721, 11.3607534 44.4876984, 11.3607577 44.487676, 11.360766 44.4876536, 11.3607779 44.4876339, 11.3607909 44.4876185, 11.3608021 44.4876068, 11.3608155 44.4875995, 11.360835 44.487595, 11.3608502 44.4876042, 11.3608654 44.4876257, 11.3608732 44.487648, 11.360875 44.4876724, 11.360872 44.4876888, 11.3608659 44.487706, 11.360856 44.4877232, 11.360841 44.4877403, 11.3608127 44.4877526, 11.3607944 44.4877519))",way,,,,
239,,,742490646,1619628996,,"{""layer"":""-1""}",2,,,,,,,Cinema Teatro Comunale,,,,,theatre,,,,,,"POLYGON ((11.2452437 44.3944717, 11.2454067 44.3944335, 11.2452977 44.3941962, 11.2451346 44.3942345, 11.2452437 44.3944717))",way,yes,,,
240,,,766482483,1632143730,,"{""air_conditioning"":""yes"",""description"":""Teatro internazionale per spettacoli, concerti, film, festival."",""wheelchair"":""yes"",""wikidata"":""Q3981878""}",2,Bologna,,485,40132,Via Emilia Ponente,urp@teatridivita.it,Teatri di Vita,,Teatri di Vita,,https://www.teatridivita.it,theatre,,,,,it:Teatri di vita,"POLYGON ((11.28799 44.5145434, 11.2881299 44.5147022, 11.2878859 44.5148115, 11.2878627 44.5147851, 11.2877847 44.51482, 11.2877737 44.5148075, 11.2875282 44.5149176, 11.2875021 44.514888, 11.2875891 44.514849, 11.2874871 44.5147333, 11.2876543 44.5146584, 11.2876767 44.5146837, 11.28799 44.5145434))",way,yes,,,
241,,,817268509,1610976716,,,2,,,,,,,,,,,,fountain,,,,,,"POLYGON ((11.2760807 44.4779844, 11.2760768 44.477967, 11.2760678 44.4779433, 11.2760384 44.4779369, 11.2760013 44.4779341, 11.2759782 44.4779488, 11.2760602 44.477999, 11.2760807 44.4779844))",way,,,,
242,,,823847222,1603469680,,"{""layer"":""1"",""theatre:type"":""amphi""}",2,,,,,,,,,,,,theatre,,,,,,"POLYGON ((11.3570755 44.5117124, 11.3570868 44.5117182, 11.3570948 44.5117262, 11.3570989 44.5117356, 11.3570986 44.5117455, 11.3570939 44.5117547, 11.3570853 44.5117625, 11.3570737 44.5117679, 11.3570603 44.5117704, 11.3570458 44.5117696, 11.3570325 44.5117654, 11.357022 44.5117583, 11.3570153 44.5117491, 11.3570133 44.5117388, 11.3570162 44.5117287, 11.3570237 44.5117198, 11.3570349 44.5117132, 11.3570485 44.5117096, 11.3570623 44.5117094, 11.3570755 44.5117124))",way,,,,
243,,,844078825,1599170130,,,1,,,,,,,,,,,,fountain,,,,,,"POLYGON ((11.1834919 44.5043165, 11.1834865 44.5043216, 11.1834838 44.5043277, 11.1834839 44.5043341, 11.1834869 44.5043402, 11.1834925 44.5043452, 11.1835002 44.5043487, 11.1835091 44.5043503, 11.1835183 44.5043496, 11.1835266 44.5043469, 11.1835332 44.5043423, 11.1835374 44.5043365, 11.1835386 44.50433, 11.1835368 44.5043236, 11.1835321 44.5043179, 11.1835253 44.5043138, 11.1835169 44.5043114, 11.1835079 44.5043111, 11.1834993 44.5043128, 11.1834919 44.5043165))",way,,,,
244,,,873083935,1605624495,,,1,,,,,,,,,,,,fountain,,,,,,"POLYGON ((11.2856787 44.5100562, 11.2856762 44.5100607, 11.2856719 44.5100644, 11.2856662 44.5100669, 11.2856597 44.510068, 11.285653 44.5100676, 11.2856463 44.5100656, 11.285641 44.510062, 11.2856376 44.5100574, 11.2856366 44.5100523, 11.2856382 44.5100472, 11.285642 44.5100428, 11.2856477 44.5100395, 11.2856546 44.5100379, 11.2856619 44.5100379, 11.2856687 44.5100397, 11.2856739 44.5100428, 11.2856775 44.5100468, 11.2856792 44.5100515, 11.2856787 44.5100562))",way,,,,
245,,,879028386,1606686788,,,1,,,,,,,,,,,,community_centre,,,,,,"POLYGON ((11.742949 44.416531, 11.7428991 44.4164446, 11.7429818 44.4164241, 11.7429392 44.4163329, 11.7424926 44.4164259, 11.742534 44.4165193, 11.7424868 44.4165334, 11.7425209 44.4166269, 11.742949 44.416531))",way,yes,,,
246,,,957638057,1629542875,,"{""lit"":""yes"",""theatre:type"":""amphi""}",5,,,,,,,Anfiteatro sul lago,,,,,theatre,,,local knowledge,,,"POLYGON ((11.5160512 44.3882736, 11.5162811 44.3884874, 11.5166749 44.3886327, 11.516701 44.3884663, 11.5165568 44.3883725, 11.5164802 44.3883186, 11.5163143 44.3882131, 11.5162027 44.3882225, 11.5160512 44.3882736))",way,,,,
247,,,969585592,1627837100,,,1,,,,,,,,,,,,fountain,,,,,,"POLYGON ((11.362161 44.4905132, 11.362172 44.4905284, 11.3621971 44.4905372, 11.3622248 44.4905363, 11.3622459 44.4905252, 11.3622543 44.4905063, 11.3622535 44.4904895, 11.3622392 44.4904724, 11.3622146 44.4904655, 11.3621827 44.490469, 11.3621604 44.4904784, 11.3621514 44.4904668, 11.362131 44.4904582, 11.3621093 44.49046, 11.3620889 44.4904655, 11.3620733 44.4904807, 11.3620746 44.490498, 11.3620867 44.4905149, 11.3621063 44.4905247, 11.3621304 44.4905282, 11.362146 44.490523, 11.362161 44.4905132))",way,,,,
248,,,971585783,1628500671,,,1,,,,,,,,,,,,fountain,,,,,,"POLYGON ((11.3896784 44.463353, 11.3896736 44.4633602, 11.3896726 44.4633681, 11.3896753 44.4633758, 11.3896815 44.4633823, 11.3896896 44.4633867, 11.3896992 44.463389, 11.3897094 44.4633891, 11.389719 44.4633869, 11.3897273 44.4633827, 11.3897333 44.4633769, 11.3897364 44.46337, 11.3897365 44.4633628, 11.3897333 44.4633559, 11.3897273 44.4633501, 11.3897182 44.4633455, 11.3897075 44.4633435, 11.3896964 44.4633441, 11.3896863 44.4633475, 11.3896784 44.463353))",way,,,,
249,,,971585784,1628500671,,,1,,,,,,,,,,,,fountain,,,,,,"POLYGON ((11.3910335 44.4633074, 11.3910288 44.4633145, 11.3910277 44.4633224, 11.3910304 44.4633301, 11.3910366 44.4633367, 11.3910447 44.463341, 11.3910543 44.4633433, 11.3910645 44.4633434, 11.3910741 44.4633412, 11.3910824 44.463337, 11.3910884 44.4633312, 11.3910916 44.4633243, 11.3910916 44.4633171, 11.3910884 44.4633102, 11.3910825 44.4633044, 11.3910733 44.4632998, 11.3910626 44.4632978, 11.3910515 44.4632985, 11.3910414 44.4633018, 11.3910335 44.4633074))",way,,,,
250,,,977926644,1630344376,,,1,,,,,,,,,,,,fountain,,,,,,"POLYGON ((11.341524 44.4809061, 11.3415594 44.4809139, 11.3415893 44.4808961, 11.3415806 44.4808692, 11.3415432 44.4808595, 11.3415144 44.4808769, 11.341524 44.4809061))",way,,,,
251,,,987443032,1632759484,,,1,,,,,,,,,,,,fountain,,,,,,"POLYGON ((11.5413562 44.4709645, 11.5414249 44.4709343, 11.5414292 44.4709394, 11.5413606 44.4709695, 11.5413562 44.4709645))",way,,,,
252,0.0,,724587159,1512166863,,"{""type"":""multipolygon"",""wikidata"":""Q2306368""}",5,,,,,,,Teatro Comunale,,,,,theatre,,,Regione Emilia Romagna,,it:Teatro comunale (Bologna),"POLYGON ((11.3500909 44.4966191, 11.3501869 44.4966559, 11.3502433 44.4965759, 11.3505515 44.4966914, 11.350548 44.4966962, 11.3505723 44.4967041, 11.3506227 44.4966319, 11.3506637 44.496575, 11.3507063 44.4965174, 11.3507668 44.4965404, 11.3508521 44.4965702, 11.3509455 44.4964544, 11.3504367 44.4962624, 11.3503435 44.4963822, 11.3503602 44.4963875, 11.3503348 44.4964212, 11.350317 44.4964164, 11.3502555 44.4964994, 11.3501965 44.496477, 11.3500909 44.4966191))",relation,yes,,,
253,0.0,,730604692,1544391902,,"{""type"":""multipolygon"",""wikidata"":""Q36839472""}",3,Bologna,,,40126,Via Mascarella,,Odeon,,,,,cinema,,,Regione Emilia Romagna,,,"POLYGON ((11.3492422 44.4979621, 11.3492724 44.498098, 11.3492841 44.4981924, 11.3494925 44.4981909, 11.3494806 44.4980196, 11.349472 44.4979502, 11.3494351 44.4979521, 11.3493845 44.4979547, 11.349387 44.4979779, 11.3493286 44.4979811, 11.3493262 44.4979578, 11.3492422 44.4979621), (11.3493166 44.4981451, 11.3493157 44.4981052, 11.3493798 44.498102, 11.3493827 44.498144, 11.3493166 44.4981451))",relation,yes,,,
254,0.0,,26537529725,1554056040,,"{""type"":""building""}",2,,,,,,,Cinema Bristol,,,,,cinema,,,Regione Emilia Romagna,,,"POLYGON ((11.3702499 44.456949, 11.3702516 44.456952, 11.3702779 44.4569979, 11.3703102 44.4570542, 11.3704194 44.4572446, 11.3706037 44.4571908, 11.3704622 44.456944, 11.3704786 44.4569392, 11.3704427 44.4568766, 11.3703892 44.4568922, 11.3703971 44.456906, 11.3703683 44.4569144, 11.3702499 44.456949))",relation,yes,,,
