,changeset,lon,id,timestamp,lat,tags,version,addr:city,addr:country,addr:housenumber,addr:postcode,addr:street,email,name,opening_hours,operator,phone,url,website,amenity,drinking_water,fountain,start_date,wikipedia,geometry,osm_type,building,social_facility,source
0,0.0,8.938236,237298943,1480171537,44.411255,"{""wikidata"":""Q3981969""}",7,Genova,,6,,Via Nicolò Bacigalupo,,Teatro Duse,,,,,,theatre,,,,it:Teatro Duse (Genova),POINT (8.938236236572266 44.4112548828125),node,,,
1,0.0,8.948103,237300388,1480171537,44.404526,,5,,,,,,,Teatro della Corte,,,,,,theatre,,,,,POINT (8.948102951049805 44.40452575683594),node,,,
2,0.0,8.931825,242693780,1480021310,44.404953,"{""wheelchair"":""yes"",""wikidata"":""Q3982309""}",6,,,,,,,Teatro della Tosse,,,,,,theatre,,,,it:Teatro della Tosse,POINT (8.931824684143066 44.40495300292969),node,,,
3,0.0,8.921479,252806062,1629689163,44.408222,"{""brand"":""The Space Cinema"",""brand:wikidata"":""Q3989406"",""brand:wikipedia"":""it:The Space Cinema"",""wheelchair"":""yes"",""wikidata"":""Q37155803""}",7,,,,,,,The Space Cinema,,,,,https://www.thespacecinema.it/cinema/genova,cinema,,,,,POINT (8.921479225158691 44.40822219848633),node,,,
4,0.0,8.932326,253266745,1381832781,44.408646,,5,,,,,,,Ariston,,,+39 010 2473549,http://www.circuitocinemagenova.com/,,cinema,,,,,POINT (8.932326316833496 44.40864562988281),node,,,
5,0.0,8.879978,253267452,1493706630,44.413544,"{""level"":""2"",""ref:vatin"":""IT04342801000"",""wheelchair"":""yes""}",5,,,,,,,UCI Cinemas Fiumara,,,,,,cinema,,,,,POINT (8.87997817993164 44.413543701171875),node,,,
6,0.0,8.942131,253268182,1637937945,44.406452,,9,Genova,,11,16121,Via Colombo,,America,,,+39 010 4559703,https://circuitocinemagenova.com/america/,,cinema,,,,,POINT (8.942131042480469 44.40645217895508),node,,,
7,0.0,8.935676,253486101,1261087060,44.40671,"{""created_by"":""Potlatch 0.7b""}",3,,,,,,,Olimpia,,,,,,cinema,,,,,POINT (8.935675621032715 44.40671157836914),node,,,
8,0.0,8.934425,253486824,1550486718,44.409176,"{""wikidata"":""Q37155711""}",8,,,,,,,City,,,+39 010 8690073,http://www.circuitocinemagenova.com/,,cinema,,,,,POINT (8.934425354003906 44.409175872802734),node,,,
9,0.0,8.958911,254565440,1210529497,44.40807,"{""created_by"":""Potlatch 0.9""}",2,,,,,,,Teatro Garage,,,,,,theatre,,,,,POINT (8.958910942077637 44.4080696105957),node,,,
10,0.0,8.900963,269904280,1481222139,44.458103,"{""wikidata"":""Q3982117""}",4,,,,,,,Teatro Rina e Gilberto Govi,,,,,,theatre,,,,it:Teatro Rina e Gilberto Govi,POINT (8.900962829589844 44.45810317993164),node,,,
11,0.0,8.8499975,302324772,1550486709,44.426422,"{""description:en"":""Film shows, theatre, concerts, conferences"",""description:it"":""Proiezioni cinematografiche,  spettacoli teatrali, intrattenimenti musicali,conferenze"",""wheelchair"":""yes"",""wikidata"":""Q16612535""}",6,,,,,,,Cinema teatro Verdi,,,,,,cinema,,,,,POINT (8.849997520446777 44.426422119140625),node,,,
12,0.0,8.852009,303163729,1223499472,44.42969,"{""created_by"":""Potlatch 0.10d""}",1,,,,,,,San Giovanni Battista,,,,,,cinema,,,,,POINT (8.852008819580078 44.429691314697266),node,,,
13,0.0,8.932259,310450475,1553361543,44.407406,"{""tourism"":""museum"",""wikidata"":""Q18785499""}",6,,,34 rosso,,Via Tommaso Reggio,,Louisiana Jazz Club,,,,,https://www.italianjazzinstitute.com/,nightclub,,,,it:Museo del jazz di Genova,POINT (8.932258605957031 44.407405853271484),node,,,
14,0.0,8.94931,311614752,1481031099,44.39785,"{""wheelchair"":""yes""}",5,,,,,,,cinema teatro Instabile,,,,,,theatre,,,,,POINT (8.949310302734375 44.397850036621094),node,,,
15,0.0,9.160622,401617438,1242491053,44.51983,,1,,,,,,,,,,,,,fountain,,,,,POINT (9.160621643066406 44.51982879638672),node,,,
16,0.0,9.263565,413351118,1381929359,44.336227,"{""note"":""open on summer""}",2,,,,,,,Pietra di Luna,,,+39 347 6441909,,,nightclub,,,,,POINT (9.263565063476562 44.33622741699219),node,,,
17,0.0,8.936975,413995262,1550486718,44.40989,"{""wikidata"":""Q37155757""}",6,,,,,,,Sìvori,,,+39 010 5532054,http://www.circuitocinemagenova.com/,,cinema,,,,,POINT (8.93697452545166 44.409889221191406),node,,,
18,0.0,8.941399,413995838,1525602215,44.406235,,4,,,,,,,Nickelodeon,,,+39 010 589640,http://www.cineclubnickelodeon.it/,,cinema,,,,,POINT (8.941398620605469 44.40623474121094),node,,,
19,0.0,8.811655,414576642,1243931013,44.42459,,1,,,,,,,Tabarca Night Club,,,,,,nightclub,,,,,POINT (8.811655044555664 44.424591064453125),node,,,
20,0.0,9.129226,415309128,1244033478,44.507824,,1,,,,,,,,,,,,,fountain,,,,,POINT (9.129225730895996 44.5078239440918),node,,,
21,0.0,8.774821,442709467,1366289394,44.427456,,2,,,,,,,Nuovo Cinema Palmaro,,,,http://www.nuovocinemapalmaro.it/,,cinema,,,,,POINT (8.774821281433105 44.42745590209961),node,,,
22,0.0,8.93214,458808530,1443384725,44.403122,,3,,,,,,,,,,,,,fountain,,,,,POINT (8.932140350341797 44.40312194824219),node,,,
23,0.0,8.949689,479936738,1520885019,44.397743,"{""wheelchair"":""limited""}",6,,,7 rosso,,Via Antonio Cecchi,,Discoteca Cezanne,,,,,http://www.cezannedisco.it/,nightclub,,,,,POINT (8.949688911437988 44.397743225097656),node,,,
24,0.0,8.929284,504657840,1565777137,44.40797,,5,,,,,,,Lucrezia social bar,,,,,,nightclub,,,,,POINT (8.92928409576416 44.4079704284668),node,,,
25,0.0,8.951637,505063816,1253619042,44.39335,,2,,,,,,,Mako,,,,http://www.makogenova.com/,,nightclub,,,,,POINT (8.951637268066406 44.393348693847656),node,,,
26,0.0,8.8901615,506626158,1559373850,44.411583,"{""gay"":""welcome"",""lgbtq"":""welcome""}",4,,,13 rosso,,Via Alfredo Carzino,,Virgo Club,,,,,http://www.virgoclub.com/,nightclub,,,,,POINT (8.890161514282227 44.411582946777344),node,,,
27,0.0,8.955762,523212284,1575394586,44.39234,,2,,,,,,,Astoria,,,,,,stripclub,,,,,POINT (8.955761909484863 44.39234161376953),node,,,
28,0.0,8.946376,524074350,1642937266,44.3994,,2,,,28r,,Via Camillo Finocchiaro Aprile,,Orchidea Club,,,,,,stripclub,,,,,POINT (8.946375846862793 44.39939880371094),node,,,
29,0.0,8.904794,549481425,1257031507,44.404785,,1,,,,,,,,,,,,,fountain,,,,,POINT (8.904793739318848 44.40478515625),node,,,
30,0.0,8.984679,679380567,1631505184,44.39304,"{""brand"":""Acqua & Sapone"",""brand:wikidata"":""Q51079044"",""brand:wikipedia"":""it:Acqua & Sapone (azienda)"",""shop"":""chemist""}",5,,,,,,,Acqua & Sapone,,,,,,nightclub,,,,,POINT (8.984679222106934 44.39303970336914),node,,,
31,0.0,8.948846,679388674,1579804729,44.39458,,2,,,,,,,Discoteca Time,,,,,,nightclub,,,,,POINT (8.948845863342285 44.39458084106445),node,,,
32,0.0,8.670305,686595637,1270562529,44.562218,,1,,,,,,,Cinema Comunale,,,,,,cinema,,,,,POINT (8.670305252075195 44.562217712402344),node,,,
33,0.0,9.213656,727780799,1487278008,44.333996,"{""historic"":""monument""}",4,,,,,,,Cristoforo Colombo,,,,,,fountain,,,1892,,POINT (9.213656425476074 44.3339958190918),node,,,
34,0.0,9.235388,731254641,1287408957,44.348057,,2,,,,,,,Auditorium delle Clarisse,,,,,,theatre,,,,,POINT (9.235387802124023 44.34805679321289),node,,,
35,0.0,8.937316,750786139,1506028460,44.412453,"{""alt_name"":""Cineclub Charles Chaplin"",""wikidata"":""Q37155671""}",3,,,,,,,Cinema Cappuccini,,,+39 010 880069,,,cinema,,,,,POINT (8.937315940856934 44.412452697753906),node,,,
36,0.0,8.924419,767507751,1379970228,44.41506,,2,,,137,,Via di Pré,,Laboratorio Sociale di Via Prè,,,,,,community_centre,,,,,POINT (8.924419403076172 44.41505813598633),node,,,
37,0.0,9.492421,842024708,1446601589,44.237503,,3,,,,,,,,,,,,,fountain,,,,,POINT (9.49242115020752 44.23750305175781),node,,,
38,0.0,8.931623,880840628,1331482275,44.408962,,2,,,,,,,,,,,,,fountain,,,,,POINT (8.931623458862305 44.40896224975586),node,,,
39,0.0,8.910437,882425354,1535953404,44.41721,,3,,,107 rosso,,Via Venezia,,Il Mondo Night Pub,,,,,,nightclub,,,,,POINT (8.910436630249023 44.41720962524414),node,,,
40,0.0,8.944859,897271247,1550486717,44.40681,"{""min_age"":""18"",""wikidata"":""Q37155691""}",5,,,,,,,Cinema Centrale,,,,,,cinema,,,,,POINT (8.94485855102539 44.40681076049805),node,,,
41,0.0,8.894302,966304779,1418880807,44.409584,"{""min_age"":""18""}",3,,,,,,,Cinema Eldorado,,,,,,cinema,,,,,POINT (8.894302368164062 44.409584045410156),node,,,
42,0.0,8.643251,1119301522,1618384982,44.38795,,6,,,,,,,Fontana del delfino,,,,,,fountain,no,decorative,,,POINT (8.643251419067383 44.3879508972168),node,,,
43,0.0,8.930553,1133646682,1333219546,44.40384,,2,,,,,,,261,,,,,,nightclub,,,,,POINT (8.930553436279297 44.403839111328125),node,,,
44,0.0,8.930375,1133646697,1521918174,44.404053,,2,,,46 rosso,,Piazza Sarzano,,Quaalude,,,,,,nightclub,,,,,POINT (8.930375099182129 44.404052734375),node,,,
45,0.0,8.681893,1176899930,1298802894,44.40106,,1,,,,,,,,,,,,,fountain,,,,,POINT (8.681893348693848 44.401058197021484),node,,,
46,0.0,8.954567,1219354970,1631253771,44.40185,,3,,,,,,,,,,,,,fountain,,,,,POINT (8.954566955566406 44.401851654052734),node,,,
47,0.0,8.9546795,1219355006,1631253771,44.40211,,2,,,,,,,,,,,,,fountain,,,,,POINT (8.954679489135742 44.4021110534668),node,,,
48,0.0,8.750021,1377933953,1633560055,44.430706,"{""description"":""Teatro storico del 1786""}",5,Genova,,4,16158,Vico Nicolò da Corte,,Teatro Storico di Villa Duchessa di Galliera,,Teatro della Tosse,,,,theatre,,,,,POINT (8.750020980834961 44.43070602416992),node,,,
49,0.0,8.749956,1377934154,1633560055,44.43019,,5,,,,,,,Ninfeo settecentesco,,,,,,fountain,no,,,,POINT (8.749956130981445 44.43019104003906),node,,,
50,0.0,8.750135,1378849896,1633560055,44.430027,"{""description"":""fontana circolare con laghetto e zampillo centrale""}",7,,,,,,,,,,,,,fountain,no,,,,POINT (8.75013542175293 44.43002700805664),node,,,
51,0.0,8.664884,1426740528,1527097474,44.402245,,6,,,,,,,"Teatro ""Il Sipario Strappato""",,,,,,theatre,,,,,POINT (8.664883613586426 44.402244567871094),node,,,
52,0.0,8.89465,1470967922,1332660223,44.430096,,2,,,,,,,Teatro S.O.C,,,,,,theatre,,,,,POINT (8.89465045928955 44.43009567260742),node,,,
53,0.0,8.935651,1475155753,1487520132,44.40954,"{""wheelchair"":""limited"",""wikidata"":""Q20008542""}",4,,,36 rosso,,Via San Sebastiano,,Louisiana Jazz Club,,,,http://www.louisianajazzclub.com/,,nightclub,,,,,POINT (8.935650825500488 44.40953826904297),node,,,
54,0.0,8.891741,1529901945,1480171539,44.435146,"{""wikidata"":""Q3981896""}",5,Genova,,8,,Via Gio Batta Roggerone,,Cinema Albatros,,,+39 010 7491662,,http://www.albatroscinema.it/,theatre,,,,it:Teatro Albatros,POINT (8.891740798950195 44.43514633178711),node,,,
55,0.0,8.933221,1635105435,1552256295,44.40728,"{""community_center:for"":""senior"",""contact:website"":""http://www.creamcafe.altervista.org/index.html"",""description"":""Progetto culturale per preservare le capacit\u00E0 cognitive in persone anziane.""}",3,,,72 rosso,,Piazza Giacomo Matteotti,,Creamcafè CreativeMindCafe,,,,,,community_centre,,,,,POINT (8.933220863342285 44.40727996826172),node,,,
56,0.0,8.818767,1716758588,1463832012,44.439304,,2,,,,,,,"Sede ricreativa parrocchiale ""San Nicola""",,,,,,community_centre,,,,,POINT (8.818766593933105 44.43930435180664),node,,,
57,0.0,8.814309,1718243680,1334520430,44.424458,,2,,,,,,,Centro Culturale Pegliese,,,,,,community_centre,,,,,POINT (8.814309120178223 44.42445755004883),node,,,
58,0.0,8.82149,1718443227,1334520152,44.42571,,1,,,,,,,"Centro Sociale Maria Luisa Monaco ""Ghighi""",,,,,,community_centre,,,,,POINT (8.821490287780762 44.42570877075195),node,,,
59,0.0,9.423303,1739073478,1336035563,44.269608,,1,,,,,,,Teatro Lavagnina,,,,,,theatre,,,,,POINT (9.42330265045166 44.26960754394531),node,,,
60,0.0,9.388054,1771951775,1600233364,44.419086,,3,,,,,,,Teatro Fabrizio De Andrè,,,,,,theatre,,,,,POINT (9.388053894042969 44.41908645629883),node,,,
61,0.0,8.94523,1864605669,1344880169,44.570866,,1,,,,,,,,,,,,,fountain,,,,,POINT (8.945229530334473 44.570865631103516),node,,,
62,0.0,9.102725,1869216345,1345154260,44.371655,,1,,,,,,,,,,,,,fountain,,,,,POINT (9.1027250289917 44.37165451049805),node,,,
63,0.0,9.105097,1891508504,1346420247,44.373356,,1,,,,,,,Teatro del Levante,,,,,,theatre,,,,,POINT (9.105096817016602 44.373355865478516),node,,,
64,0.0,9.392935,1941679463,1634477371,44.270077,,2,,,,,,,,,,,,,fountain,,,,,POINT (9.392934799194336 44.270076751708984),node,,,
65,0.0,8.909613,1962377173,1476362269,44.41809,,2,,,,,,,Associazione Nazionale Partigiani Italiani,,,,,,community_centre,,,,,POINT (8.909612655639648 44.4180908203125),node,,,
66,0.0,8.875385,2032681502,1540140897,44.414932,,2,,,,,,,,,,,,,fountain,,,,,POINT (8.875385284423828 44.41493225097656),node,,,
67,0.0,8.936111,2046954712,1354478370,44.40834,,1,,,,,,,Masnada,,,,,,nightclub,,,,,POINT (8.936111450195312 44.40834045410156),node,,,
68,0.0,8.935109,2046954719,1443087348,44.404823,,2,,,,,,,Tao Sushi and Disco,,,,,,nightclub,,,,,POINT (8.93510913848877 44.404823303222656),node,,,
69,0.0,8.935496,2178108475,1641112853,44.402336,"{""opening_hours:signed"":""no"",""wikidata"":""Q37155731""}",7,,,13 rosso,,Via Innocenzo Quarto,,Cinema Corallo,,,+39 010 586419,http://www.circuitocinemagenova.com/,,cinema,,,,,POINT (8.93549633026123 44.40233612060547),node,,,
70,0.0,8.777681,2281907841,1439998968,44.427837,,3,,,,,,,,,,,,,fountain,,,,,POINT (8.777681350708008 44.42783737182617),node,,,
71,0.0,8.648095,2286709470,1471302078,44.389446,,4,,,,,,,Centro culturale espositivo Alberto Sbragi,,,,,,community_centre,,,,,POINT (8.64809513092041 44.38944625854492),node,,,
72,0.0,8.93173,2299801682,1464776482,44.410038,,2,,,1,,Vico del Papa,,Laboratorio sociale di Vico Papa,,,,,,community_centre,,,,,POINT (8.931730270385742 44.410037994384766),node,,,
73,0.0,8.917701,2323486668,1452255729,44.415623,"{""historic"":""memorial""}",2,,,,,,,Fontana Nettuno,,,,,,fountain,,,,,POINT (8.91770076751709 44.41562271118164),node,,,
74,0.0,9.345173,2373297108,1372964964,44.305954,,2,,,,,,,chez vous,,,,,,nightclub,,,,,POINT (9.345172882080078 44.30595397949219),node,,,
75,0.0,8.938112,2483769716,1380989616,44.40901,,3,,,,,,,Myo Club,,,,,,nightclub,,,,,POINT (8.938112258911133 44.40901184082031),node,,,
76,0.0,8.937907,2620401938,1480171540,44.41112,"{""wikidata"":""Q3907408""}",3,Genova,,2,,Via Nicolò Bacigalupo,,Politeama Genovese,,,,,,theatre,,,,it:Politeama Genovese,POINT (8.937907218933105 44.4111213684082),node,,,
77,0.0,8.974809,2758096417,1396350236,44.452698,,1,Genova,,48,16138,Via Salvador Allende,,Teatro dell'Ortica,,Teatro dell'Ortica,,,http://www.teatrortica.it/,theatre,,,,,POINT (8.974808692932129 44.45269775390625),node,,,
78,0.0,9.104221,2791422546,1484567974,44.37213,"{""note"":""E' stata realizzata all'interno di una cabina tefonica dismessa"",""wheelchair"":""yes""}",2,,,,,,,Bibliocabina,,,,,,public_bookcase,,,,,POINT (9.10422134399414 44.37213134765625),node,,,
79,0.0,8.928061,2801237750,1464776482,44.412785,,2,,,7 rosso,,Vico della Croce Bianca,,Ghettup,,,,,http://ghettuptv.net/,community_centre,,,,,POINT (8.928060531616211 44.412784576416016),node,,,
80,0.0,8.9876175,2834012200,1399136915,44.443558,,1,,,,,,,,,,,,,fountain,,,,,POINT (8.987617492675781 44.44355773925781),node,,,
81,0.0,8.966383,2834100269,1399139482,44.40801,,1,,,,,,,Circolo Acli Santa Sabina,,,,,,social_centre,,,,,POINT (8.96638298034668 44.40800857543945),node,,,
82,0.0,8.973404,2843713235,1509189438,44.559387,"{""addr:province"":""Genova"",""description"":""Service audio, studio registrazione, sala prove, scuola di musica, grafica, montaggio video, CAD"",""payment:bitcoin"":""yes"",""studio"":""audio""}",7,Savignone,IT,68/2,16010,Via Guglielmo Marconi,,La Quinta del Lupo,,,,,http://laquintadellupo.it,studio,,,,,POINT (8.973403930664062 44.55938720703125),node,,,
83,0.0,8.99254,2992257794,1406987504,44.452274,,1,,,,,,,,,,,,,fountain,,,,,POINT (8.99254035949707 44.452274322509766),node,,,
84,0.0,8.9474745,3089872992,1411337598,44.432888,,1,,,,,,,,,,,,,fountain,,,,,POINT (8.947474479675293 44.43288803100586),node,,,
85,0.0,8.949694,3090351370,1411375530,44.429527,,1,,,,,,,,,,,,,fountain,,,,,POINT (8.94969367980957 44.429527282714844),node,,,
86,0.0,8.9488535,3091352925,1578409452,44.429165,,2,,,,,,,,,,,,,fountain,no,,,,POINT (8.948853492736816 44.42916488647461),node,,,
87,0.0,8.930091,3120670438,1412867280,44.406734,"{""min_age"":""18""}",1,,,,,,,Chiabrera,,,,,,cinema,,,,,POINT (8.93009090423584 44.406734466552734),node,,,
88,0.0,8.936253,3162330256,1414900911,44.405396,,1,,,,,,,Primocanale,,,,,,studio,,,,,POINT (8.93625259399414 44.4053955078125),node,,,
89,0.0,9.008621,3249785517,1419358058,44.446896,,1,,,,,,,Vogue,,,,,,nightclub,,,,,POINT (9.008621215820312 44.446895599365234),node,,,
90,0.0,8.9508915,3468419999,1429567476,44.612694,,1,,,,,,,Columbia,,,,,,cinema,,,,,POINT (8.950891494750977 44.612693786621094),node,,,
91,0.0,8.961296,3493465396,1430586109,44.408504,,1,,,,,,,,,,,,,fountain,,,,,POINT (8.961296081542969 44.408504486083984),node,,,
92,0.0,8.893459,3551985994,1432757745,44.408905,,1,,,,,,,Prestige Club,,,,,,stripclub,,,,,POINT (8.89345932006836 44.408905029296875),node,,,
93,0.0,8.938061,3609806321,1463122514,44.408775,"{""wheelchair"":""yes""}",2,,,,,,,Casa Mia,,,,,,nightclub,,,,,POINT (8.938060760498047 44.408775329589844),node,,,
94,0.0,9.323156,3610446816,1434965334,44.31814,,1,,,,,,,Cinema Mignon,,,,,,cinema,,,,,POINT (9.323156356811523 44.318138122558594),node,,,
95,0.0,8.931818,3614940800,1522649744,44.410328,"{""wheelchair"":""no""}",3,,,1,,Piazzetta Cambiaso,,Teatro Altrove,,,,,http://www.teatroaltrove.it/,theatre,,,,,POINT (8.931818008422852 44.41032791137695),node,,,
96,0.0,9.238744,3672459551,1439720886,44.56899,,4,,,,,,,Trogolo del Too (pronunciato tuu),,,,,,fountain,,,,,POINT (9.238743782043457 44.56898880004883),node,,,
97,0.0,9.220649,3689209963,1439472511,44.582535,,2,,,,,,,,,,,,,fountain,,,,,POINT (9.220648765563965 44.58253479003906),node,,,
98,0.0,9.221061,3689209964,1439204081,44.582508,,1,,,,,,,,,,,,,fountain,,,,,POINT (9.221060752868652 44.5825080871582),node,,,
99,0.0,9.250116,3695303538,1439471803,44.55448,"{""note"":""acqua fresca non clorata""}",1,,,,,,,Fontana del paese,,,,,,fountain,,,,,POINT (9.250116348266602 44.554481506347656),node,,,
100,0.0,9.257778,3709761912,1440271589,44.571434,,1,,,,,,,,,,,,,fountain,,,,,POINT (9.25777816772461 44.571434020996094),node,,,
101,0.0,9.266494,3709762446,1440271589,44.5701,,1,,,,,,,,,,,,,fountain,,,,,POINT (9.266493797302246 44.570098876953125),node,,,
102,0.0,9.21778,3722057413,1440969092,44.56178,,1,,,,,,,fontana non potabile,,,,,,fountain,,,,,POINT (9.217780113220215 44.5617790222168),node,,,
103,0.0,9.2182045,3722057465,1440969092,44.563335,,1,,,,,,,,,,,,,fountain,,,,,POINT (9.218204498291016 44.56333541870117),node,,,
104,0.0,9.054579,3760158230,1465159704,44.38025,,2,,,,,,,,,,,,,fountain,,,,,POINT (9.05457878112793 44.3802490234375),node,,,
105,0.0,8.928715,3761595164,1599434159,44.42624,"{""community_centre:for"":""senior""}",2,,,,,,,Club pensionati Oregina,,,,,,community_centre,,,,,POINT (8.928714752197266 44.426239013671875),node,,,
106,0.0,8.930156,3761878759,1443384722,44.403973,,1,,,25,,Via Mura delle Grazie,,262,,,,,,nightclub,,,,,POINT (8.930155754089355 44.40397262573242),node,,,
107,0.0,9.158973,3761906431,1467120534,44.51944,,2,,,,,,,,,,,,,fountain,,,,,POINT (9.15897274017334 44.519439697265625),node,,,
108,0.0,8.935124,3781263636,1444508774,44.407288,,1,,,,,,,Telenord,,,,,,studio,,,,,POINT (8.935124397277832 44.40728759765625),node,,,
109,0.0,8.960714,3830690543,1594289112,44.408108,,2,,,,,,,Centro Sociale Anziani AUSER Bassa Val Bisagno,,,,,,community_centre,,,,,POINT (8.960714340209961 44.40810775756836),node,,,
110,0.0,8.947182,3890133736,1450002408,44.39875,,1,,,,,,,AUSER San Nazaro,,,,,,community_centre,,,,,POINT (8.947181701660156 44.39875030517578),node,,,
111,0.0,8.947124,3890212522,1450006043,44.398777,,1,,,,,,,Club Elettronica Informatica,,,,,,community_centre,,,,,POINT (8.947123527526855 44.39877700805664),node,,,
112,0.0,8.929822,3958138724,1508677429,44.40886,,2,Genova,,20 rosso,16123,Piazza De Marini,,Centro Banchi,,,+39 010 2472506,,http://www.centrobanchi.it/,community_centre,,,,,POINT (8.929821968078613 44.40885925292969),node,,,
113,0.0,8.925846,3962414572,1453585028,44.447773,,1,,,227,,Via Pierino Negrotto Cambiaso,,Società Operaia Cattolica Santa Caterina,,,,,,community_centre,,,,,POINT (8.925846099853516 44.44777297973633),node,,,
114,0.0,9.052422,4004633410,1465154575,44.38091,"{""community_centre:for"":""athlete""}",2,,,21 rosso,,Via Aurelia,,Società Sportiva Sant'Ilario,,,,,,community_centre,,,,,POINT (9.052421569824219 44.38090896606445),node,,,
115,0.0,8.931898,4073590024,1458661613,44.40534,"{""alt_name"":""Teatro della Tosse Sala Agor\u00E0""}",1,,,9,,Vico di San Donato,,Teatro La Claque in Agorà,,,,,,theatre,,,,,POINT (8.93189811706543 44.405338287353516),node,,,
116,0.0,8.681025,4138932290,1461255758,44.40153,"{""alt_name"":""ANA""}",3,,,,,,,Associazione Nazionale Alpini,,,,,,community_centre,,,,,POINT (8.681024551391602 44.40153121948242),node,,,
117,0.0,8.931505,4144013789,1549660165,44.41046,"{""community_centre:for"":""child"",""contact:website"":""http://www.coopillaboratorio.com/il-formicaio/""}",5,,,6,,Piazza della Cernaia,,Il formicaio,,Cooperativa Il laboratorio,,,,community_centre,,,,,POINT (8.93150520324707 44.41046142578125),node,,,
118,0.0,8.661431,4176649162,1488557722,44.403557,"{""short_name"":""E.R.A.""}",4,,,,,,,European Radio Amateur,,,,,,community_centre,,,,,POINT (8.661431312561035 44.40355682373047),node,,,
119,0.0,8.661425,4176649163,1488557722,44.403446,,3,,,,,,,Gruppo Comunale di Protezione Civile ed antincendio boschivo,,Comune di Arenzano,+39 010 9110509,,,community_centre,,,,,POINT (8.66142463684082 44.403446197509766),node,,,
120,0.0,8.939094,4194405289,1531750089,44.40569,,3,,,15 Rrosso,,Salita Salvatore Viale,,Sauna Aqua Club,We-Mo 15:00-20:00,,,,,nightclub,,,,,POINT (8.939093589782715 44.40568923950195),node,,,
121,0.0,8.980265,4200470837,1463934563,44.45692,,1,,,,,,,Circolo Ricreativo Culturale via Sertoli,,,,,www.crcsertoli.net,community_centre,,,,,POINT (8.980264663696289 44.4569206237793),node,,,
122,0.0,8.930896,4218832542,1600369825,44.4098,"{""social_facility:for"":""senior""}",3,,,5r,,Piazza dei Greci,,Spazio anziani - Caffè di Oz,,S.A.B.A.,,,,community_centre,,,,,POINT (8.930895805358887 44.4098014831543),node,,,
123,0.0,8.929915,4218858523,1464791475,44.411304,"{""community_centre:for"":""juvenile""}",2,,,15,,Via San Luca,,Street Up,,Associazione il cesto,,,,community_centre,,,,,POINT (8.929915428161621 44.41130447387695),node,,,
124,0.0,8.929897,4218907836,1569315198,44.414143,"{""alt_name"":""CSE Facarabina"",""community_centre:for"":""child"",""short_name"":""CSE""}",2,,,7,,Via Vallechiara,,C.S.E. Fatacarabina,,,,,,community_centre,,,,,POINT (8.92989730834961 44.41414260864258),node,,,
125,0.0,8.930581,4218931912,1519996580,44.414906,"{""community_centre:for"":""child""}",3,,,,,,,Centro La Salle,,La Salle,,,,community_centre,,,,,POINT (8.930581092834473 44.4149055480957),node,,,
126,0.0,8.929089,4219177859,1464784946,44.411583,"{""community_centre:for"":""child""}",1,,,3,,Vico a destra di San Pancrazio,,Pow Wow,,,,,,community_centre,,,,,POINT (8.929088592529297 44.411582946777344),node,,,
127,0.0,8.930551,4219389848,1516096767,44.4115,"{""community_centre:for"":""child"",""description"":""Centro di accoglienza diurna per bimbi da 0 a 18 mesi.""}",3,,,,,,,La scaletta,,Associazione Shalom o.n.l.u.s.,,,,community_centre,,,,,POINT (8.930550575256348 44.4114990234375),node,,,
128,0.0,8.92422,4219440885,1464793266,44.41545,"{""community_centre:for"":""child""}",1,,,,,,,La staffetta,,,,,,community_centre,,,,,POINT (8.924220085144043 44.41545104980469),node,,,
129,0.0,8.961323,4226685219,1465130956,44.44492,"{""community_centre:for"":""juvenile""}",1,,,,,,,Centro Sociale Occupato Autogestito Pinelli,,,,,,community_centre,,,,,POINT (8.961322784423828 44.44491958618164),node,,,
130,0.0,8.956857,4267925993,1467027314,44.41675,,1,,,,,,,"Circolo FISAL ""Floris""",,,,,,community_centre,,,,,POINT (8.956856727600098 44.416751861572266),node,,,
131,0.0,9.1544075,4272285252,1467234811,44.349983,"{""old_name"":""Casa del popolo Bendetto 16""}",1,,,,,,,Salone parrocchiale S. Maria Assunta,,,,,,theatre,,,,,POINT (9.154407501220703 44.34998321533203),node,,,
132,0.0,9.160711,4272336098,1467238112,44.3459,,1,,,,,,,Salone parrocchiale,,,,,,community_centre,,,,,POINT (9.160711288452148 44.34590148925781),node,,,
133,0.0,8.929263,4283899129,1485111241,44.413155,"{""community_centre:for"":""child;juvenile""}",2,,,,,,,Oratorio San Filippo,,,,,,community_centre,,,,,POINT (8.9292631149292 44.41315460205078),node,,,
134,0.0,8.933425,4296913943,1468263929,44.405663,,1,,,26,,Salita del Prione,,Centro civico Remigio Zena,,,,,,community_centre,,,,,POINT (8.933424949645996 44.405662536621094),node,,,
135,0.0,9.150825,4329923963,1469997828,44.39106,,1,,,,,,,Centro sociale di Testana,,,,,,community_centre,,,,,POINT (9.150824546813965 44.39105987548828),node,,,
136,0.0,9.164022,4329923964,1469997829,44.38768,,1,,,78,,Via Leonardo da Vinci,,Società cattolica San Pietro,,,,,,community_centre,,,,,POINT (9.164022445678711 44.38768005371094),node,,,
137,0.0,8.651078,4345146084,1585697874,44.390648,,3,,,,,,,Centro sociale della terza età Isorella,,,,,,community_centre,,,,,POINT (8.651078224182129 44.390647888183594),node,,,
138,0.0,8.940267,4346644016,1532860045,44.407337,,3,,,,,,,,,,,,,fountain,,,,,POINT (8.940266609191895 44.4073371887207),node,,,
139,0.0,9.252975,4349985591,1471198920,44.553154,,2,,,,,,,,,,,,,fountain,,,,,POINT (9.252975463867188 44.55315399169922),node,,,
140,0.0,9.275454,4349986024,1471194057,44.55432,,1,,,,,,,Fontana,,,,,,fountain,,,,,POINT (9.275453567504883 44.5543212890625),node,,,
141,0.0,8.937089,4393950664,1473451976,44.40585,,1,,,,,,,,,,,,,fountain,,,,,POINT (8.937088966369629 44.40584945678711),node,,,
142,0.0,8.909525,4396634490,1473628247,44.414204,"{""name:it"":""gruppo Amicizia""}",1,,,,16126,,,gruppo Amicizia,,,,,,community_centre,,,,,POINT (8.909524917602539 44.41420364379883),node,,,
143,0.0,8.907437,4423806752,1581012605,44.411434,"{""wheelchair"":""yes""}",3,,,2 rosso,,Via Antonio Cantore,,Società Mutuo Soccorso Polizia Municipale,,,+39 010 4699126,,,community_centre,,,,,POINT (8.907437324523926 44.411434173583984),node,,,
144,0.0,8.750326,4454758931,1476868790,44.429844,,1,,,,,,,Ninfeo con laghetto,,,,,,fountain,,,,,POINT (8.750326156616211 44.42984390258789),node,,,
145,0.0,8.931796,4467440614,1530712784,44.417847,"{""community_centre:for"":""senior"",""contact:phone"":""+39 010 4070534""}",3,,,24,,Corso Firenze,,Associazione Anziani Oggi - Argento Vivo,,,,,,community_centre,,,,,POINT (8.931796073913574 44.4178466796875),node,,,
146,0.0,8.931177,4467487153,1478295980,44.41905,,2,,,9r,,Salita San Nicolò,,Circolo Primo Maggio,,Arci,,,,community_centre,,,,,POINT (8.931177139282227 44.41904830932617),node,,,
147,0.0,8.731824,4535698520,1480774323,44.42505,,1,,,,,,,"Società Mutuo Soccorso ""Dio e Umanità""",,,,,,community_centre,,,,,POINT (8.731823921203613 44.425048828125),node,,,
148,0.0,9.424304,4546014190,1481267157,44.259415,,1,,,,,,,,,,,,,fountain,no,,,,POINT (9.424304008483887 44.25941467285156),node,,,
149,0.0,9.426466,4547589189,1481358287,44.25799,,1,,,,,,,,,,,,,fountain,no,,,,POINT (9.42646598815918 44.257991790771484),node,,,
150,0.0,9.411565,4557789792,1505652110,44.276405,,3,,,21,,Via Giuseppe Latirio,,Circolo ARCI Randal,,,,,,nightclub,,,,,POINT (9.411564826965332 44.276405334472656),node,,,
151,0.0,8.931664,4572894697,1482746154,44.411343,,1,,,20,,Via Giuseppe Garibaldi,,Alliance Française,,,,,,community_centre,,,,,POINT (8.93166446685791 44.41134262084961),node,,,
152,0.0,9.395638,4583580403,1483259655,44.273235,,1,,,,,,,,,,,,,fountain,,,,,POINT (9.395638465881348 44.27323532104492),node,,,
153,0.0,9.398777,4587394431,1549822675,44.272793,,2,,,12,,Via E. Fico,,Cinema Ariston,,,,,,cinema,,,,,POINT (9.39877700805664 44.27279281616211),node,,,
154,0.0,9.395797,4592132557,1484375891,44.2743,,2,,,,,,,,,,,,,fountain,no,,,,POINT (9.395796775817871 44.27429962158203),node,,,
155,0.0,9.213169,4622308193,1486843348,44.335186,,2,,,,,,,Cinema Centrale,,,,,,cinema,,,,,POINT (9.21316909790039 44.33518600463867),node,,,
156,0.0,8.931481,4657689364,1486069722,44.405247,"{""community_centre:for"":""child""}",2,Genova,,22,16123,Stradone Sant'Agostino,,Il Ce.Sto,,,,,,community_centre,,,,,POINT (8.93148136138916 44.40524673461914),node,,,
157,0.0,9.214575,4689491972,1487278861,44.335667,"{""historic"":""wayside_shrine""}",1,,,,,,,Madonna,,,,,,fountain,,,,,POINT (9.214574813842773 44.33566665649414),node,,,
158,0.0,8.92397,4689515893,1487280076,44.4153,,1,,,153,,Via di Prè,,Sportelli Sociali,,Municipio 1 Centro Est,,,,community_centre,,,,,POINT (8.923970222473145 44.41529846191406),node,,,
159,0.0,9.22955,4726254230,1489077131,44.35031,,1,Rapallo,,6,16035,Via canonico Gaetano Muzio,,Cinema Augustus,,,+39 0185 61951,,,cinema,,,,,POINT (9.2295503616333 44.350311279296875),node,,,
160,0.0,9.491497,4898187177,1496693190,44.238182,,1,,,,,,,,,,,,,fountain,,,,,POINT (9.491497039794922 44.238182067871094),node,,,
161,0.0,9.247064,4989731408,1500888337,44.584854,,1,,,,,,,,,,,,,fountain,,,,,POINT (9.247063636779785 44.58485412597656),node,,,
162,0.0,9.144879,5032410539,1502634185,44.364826,,1,,,,,,,Fontana,,,,,,fountain,,,,,POINT (9.144879341125488 44.36482620239258),node,,,
163,0.0,9.015619,5078615379,1504518923,44.38778,,1,,,,,,,Cinema Teatro San Pietro,,,,,,cinema,,,,,POINT (9.015619277954102 44.387779235839844),node,,,
164,0.0,8.672543,5116525830,1534862495,44.401657,"{""studio"":""audio""}",4,,,,,,radioarenzano@gmail.com,Radio Arenzano,,,+39 345 6364487,,http://www.radioarenzano.net/,studio,,,,,POINT (8.672542572021484 44.40165710449219),node,,,
165,0.0,8.888761,5132927593,1506512633,44.4121,"{""wikidata"":""Q27994848""}",1,,,,,,,Fontana monumentale,,,,,,fountain,,,,,POINT (8.888760566711426 44.41210174560547),node,,,
166,0.0,9.142453,5149826095,1507212977,44.433983,,1,,,,,,,,,,,,,fountain,,,,,POINT (9.14245319366455 44.433982849121094),node,,,
167,0.0,8.899503,5365853222,1636036063,44.47353,"{""indoor"":""yes""}",3,,,,,,,Punto d'Incontro,,Centro commerciale l'Aquilone,,,,conference_centre,,,,,POINT (8.899502754211426 44.47352981567383),node,,,
168,0.0,8.949468,5387860240,1517778795,44.41838,"{""contact:phone"":""+39 010 8317979"",""outdoor_seating"":""yes"",""wheelchair"":""yes""}",1,,,5,16139,Piazzale Marassi,,Genoa Club Pontetto,,,,,,community_centre,,,,,POINT (8.949467658996582 44.41838073730469),node,,,
169,0.0,8.988611,5408340923,1518473922,44.39614,,1,,,,,,,Centro Semiresidenziale per Disabili,,,,,,community_centre,,,,,POINT (8.988611221313477 44.396141052246094),node,,,
170,0.0,8.902933,5451928858,1585163005,44.408825,"{""community_centre:for"":""family"",""contact:email"":""info@creatividellanottemusicforpeace.org"",""contact:phone"":""+39 010 857 2540"",""contact:website"":""http://www.musicforpeace.it""}",3,,,,,,,Music For Peace Creativi della Notte,,,,,,community_centre,,,,,POINT (8.902933120727539 44.4088249206543),node,,,
171,0.0,9.141839,5462473622,1520435100,44.362514,,1,,,,,,,,,,,,,fountain,,,,,POINT (9.141839027404785 44.36251449584961),node,,,
172,0.0,8.959365,5506694873,1530712784,44.40901,"{""alt_name"":""La Casetta"",""community_centre:for"":""homeless""}",2,,,,,,,La Quercia,,Fondazione AUXILIUM,,,,community_centre,,,,,POINT (8.959364891052246 44.40901184082031),node,,,
173,0.0,9.320438,5551718828,1523675166,44.31695,"{""studio"":""television""}",1,,,121,,Viale Enrico Millo,,Teleradiopace,,,,,http://www.teleradiopace.com/,studio,,,,,POINT (9.320438385009766 44.316951751708984),node,,,
174,0.0,8.937836,5711972637,1529690553,44.40028,,1,,,,,,,Teatro Carignano,,,,,,theatre,,,,,POINT (8.937835693359375 44.4002799987793),node,,,
175,0.0,8.904608,5755983471,1643311028,44.469982,"{""abandoned:amenity"":""yes"",""alt_name"":""Billion$"",""indoor"":""yes""}",6,,,,,,,Billions,,,,,,casino,,,,,POINT (8.904607772827148 44.4699821472168),node,,,
176,0.0,8.900701,5758210986,1644832012,44.485218,"{""indoor"":""yes"",""official_name"":""Societ\u00E0 Operaia Cattolica San Giovanni Battista"",""short_name"":""San Giovanni Battista""}",5,,,,,,,SOC San Giovanni Battista,,,,,,community_centre,,,,,POINT (8.900700569152832 44.4852180480957),node,,,
177,0.0,8.981902,5971916617,1539171736,44.398903,"{""community_centre:for"":""juvenile""}",1,,,,,,,LINK,,,,,,community_centre,,,,,POINT (8.981902122497559 44.398902893066406),node,,,
178,0.0,8.977875,5971963109,1539173485,44.409813,"{""community_centre:for"":""juvenile""}",1,,,,,,,Il grappolo,,Opera Benedetto XV,,,,community_centre,,,,,POINT (8.977874755859375 44.409812927246094),node,,,
179,0.0,8.873804,6003160090,1540140893,44.41656,,1,,,,,,,,,,,,,fountain,,,,,POINT (8.873804092407227 44.416561126708984),node,,,
180,0.0,8.873519,6003160091,1540140893,44.416527,,1,,,,,,,,,,,,,fountain,,,,,POINT (8.873518943786621 44.416526794433594),node,,,
181,0.0,8.87407,6003160092,1540140893,44.416473,,1,,,,,,,,,,,,,fountain,,,,,POINT (8.874070167541504 44.416473388671875),node,,,
182,0.0,8.933526,6082417404,1542886549,44.41143,,1,,,,,,,,,,,,,fountain,,,,,POINT (8.933526039123535 44.41143035888672),node,,,
183,0.0,8.869106,6126551100,1559079485,44.417603,,2,,,,,,,,,,,,,fountain,,,,,POINT (8.86910629272461 44.4176025390625),node,,,
184,0.0,8.748371,6225869286,1548104805,44.445736,,1,,,,,,,Società Cattolica di Mutuo Soccorso,,,,,,community_centre,,,,,POINT (8.748371124267578 44.445735931396484),node,,,
185,0.0,8.877107,6262199277,1549473371,44.41746,"{""studio"":""audio""}",1,,,,,,,Greenfog Recording,,,,,,studio,,,,,POINT (8.877106666564941 44.41746139526367),node,,,
186,0.0,8.9319515,6394700960,1574527750,44.411175,,2,,,2,,Vico Boccanegra,,StradaNuova Teatro Auditorium,,,,,https://teatrostradanuova.it/,theatre,,,,,POINT (8.931951522827148 44.41117477416992),node,,,
187,0.0,9.236019,6425359364,1556102781,44.347645,,1,,,,,,,,,,,,,fountain,,,,,POINT (9.236019134521484 44.3476448059082),node,,,
188,0.0,9.38514,6533799589,1560000188,44.271065,,1,,,,,,,Disco,,,,,,nightclub,,,,,POINT (9.385140419006348 44.27106475830078),node,,,
189,0.0,9.169364,6540642350,1560282646,44.39903,,1,,,,,,,Società N.S. Signora del Rosario,,,,,,community_centre,,,,,POINT (9.169363975524902 44.39902877807617),node,,,
190,0.0,8.781617,6547543576,1560514112,44.427475,,1,,,,,,,,,,,,,fountain,,,,,POINT (8.781617164611816 44.42747497558594),node,,,
191,0.0,8.646602,6754430254,1567035795,44.39059,"{""water"":""no""}",1,,,,,,,,,,,,,fountain,,,,,POINT (8.646601676940918 44.39059066772461),node,,,
192,0.0,8.953241,6819407149,1569315055,44.417007,"{""alt_name"":""CSE San Giovanni Battista"",""community_centre:for"":""child"",""short_name"":""CSE""}",1,,,8 c,,Corso De Stefanis,,C.S.E. San Giovanni Battista,,la Comunità onlus - Cooperativa Sociale,,,,community_centre,,,,,POINT (8.953241348266602 44.41700744628906),node,,,
193,0.0,8.932207,6821183134,1569357304,44.40534,,1,,,,,,,,,,,,,public_bookcase,,,,,POINT (8.932207107543945 44.405338287353516),node,,,
194,0.0,8.955145,6823159442,1574454041,44.398376,"{""community_centre:for"":""juvenile"",""short_name"":""Il vento del sud""}",2,,,20,,Via Edoardo G.B. Riboli,,Centro d'Aggregazione Il vento del sud,,Consorzio O.So - s.c.s.,,,,community_centre,,,,,POINT (8.955144882202148 44.39837646484375),node,,,
195,0.0,9.397056,6836459212,1569826917,44.53514,,1,,,,,,,,,,,,,fountain,,,,,POINT (9.397055625915527 44.53514099121094),node,,,
196,0.0,8.961991,7029416709,1575394586,44.39251,,1,,,,,,,Estoril,,,,,,nightclub,,,,,POINT (8.961991310119629 44.39250946044922),node,,,
197,0.0,8.817308,7108063622,1578173560,44.431168,,1,,,,,,,,,,,,,fountain,,,,,POINT (8.81730842590332 44.43116760253906),node,,,
198,0.0,8.937885,7173104514,1580415114,44.40926,,1,,,,,,,Sala Quadrivium,,Diocesi di Genova,,,,community_centre,,,,,POINT (8.937885284423828 44.40925979614258),node,,,
199,0.0,9.116537,8068870720,1604152511,44.39131,,1,,,,,,,,,,,,,public_bookcase,,,,,POINT (9.116537094116211 44.39131164550781),node,,,
200,0.0,9.11033,8068870725,1604152511,44.402428,,1,,,,,,,,,,,,,public_bookcase,,,,,POINT (9.110329627990723 44.402427673339844),node,,,
201,0.0,9.142006,8104948552,1605043737,44.36253,,1,,,,,,,,,,,,,community_centre,,,,,POINT (9.142005920410156 44.36252975463867),node,,,
202,0.0,8.95657,8360343517,1611569827,44.41152,"{""wikidata"":""Q3982207""}",1,,,35,,Via Ayroli,,Teatro Von Pauer,,,,,,theatre,,,,it:Teatro Von Pauer,POINT (8.95656967163086 44.41151809692383),node,,,
203,0.0,8.924583,8523444034,1615882782,44.416946,"{""community_centre:for"":""child""}",1,,,3r,,Via di Famagosta,,La creuza,,Circolo Vega,,,,community_centre,,,,,POINT (8.924583435058594 44.41694641113281),node,,,
204,0.0,8.892896,8625462658,1618308893,44.412407,,1,,,,,,,,,,,,,fountain,,,,,POINT (8.892895698547363 44.41240692138672),node,,,
205,0.0,9.121878,8988036130,1628348652,44.389084,,1,,,,,,,Società Ricreativa Sportiva Culturale ARCI - CAPRENO,,,,,,community_centre,,,,,POINT (9.121877670288086 44.38908386230469),node,,,
206,0.0,9.402726,9008582300,1629061031,44.516907,"{""historic"":""yes""}",1,,,,,,,,,,,,,fountain,,,,,POINT (9.402726173400879 44.51690673828125),node,,,
207,0.0,8.948595,9360466918,1640257066,44.405872,,1,,,,,,,Fontana dello Scolmatore,,,,,,fountain,,,,,POINT (8.94859504699707 44.4058723449707),node,,,
208,0.0,9.149095,9490860047,1644354775,44.37049,,1,,,,,,,,,,,,,community_centre,,,,,POINT (9.149094581604004 44.37049102783203),node,,,
209,0.0,8.901876,9582627344,1647425762,44.491768,"{""access"":""private"",""material"":""marble""}",1,,,,,,,,,,,,,fountain,,,,,POINT (8.901876449584961 44.49176788330078),node,,,
210,,,23458261,1570030587,,"{""layer"":""1"",""name:ru"":""\u0424\u043E\u043D\u0442\u0430\u043D - \u0441\u0438\u043C\u0432\u043E\u043B \u0433\u043E\u0440\u043E\u0434\u0430"",""wikidata"":""Q27994847""}",19,,,,,,,,,,,,,fountain,no,,,,"POLYGON ((8.9341842 44.4071431, 8.9341836 44.4071793, 8.9341666 44.4072135, 8.934135 44.4072418, 8.9340923 44.4072613, 8.934043 44.4072698, 8.9339925 44.4072664, 8.9339463 44.4072514, 8.9339093 44.4072266, 8.9338857 44.4071946, 8.9338779 44.4071588, 8.9338868 44.4071231, 8.9339115 44.4070914, 8.9339492 44.4070672, 8.9339958 44.407053, 8.9340464 44.4070504, 8.9340954 44.4070597, 8.9341376 44.4070799, 8.9341683 44.4071087, 8.9341842 44.4071431))",way,,,
211,,,23679685,1528574975,,"{""wheelchair"":""yes""}",11,,,,,,,Teatro della Gioventù,,,,,,theatre,,,,it:Teatro della Gioventù,"POLYGON ((8.9418754 44.4024803, 8.9418576 44.4024236, 8.9418586 44.4024237, 8.9418435 44.4023732, 8.941899 44.4023574, 8.9419546 44.4023416, 8.9420044 44.4023275, 8.9420523 44.4023139, 8.9421044 44.4024157, 8.9418754 44.4024803))",way,yes,,
212,,,24033163,1647078551,,"{""name:ru"":""\u0422\u0435\u0430\u0442\u0440 \u041A\u0430\u0440\u043B\u043E \u0424\u0435\u043B\u0438\u0447\u0438"",""wheelchair"":""yes"",""wikidata"":""Q2299021""}",14,,,,,,,Teatro Carlo Felice,,,,,,theatre,,,,it:Teatro Carlo Felice,"POLYGON ((8.9356402 44.4079314, 8.9352827 44.4081273, 8.9349894 44.407849, 8.9347008 44.4080131, 8.9346907 44.4080036, 8.9346252 44.4079421, 8.9345391 44.4079897, 8.9344343 44.4080456, 8.9344998 44.4081111, 8.9345091 44.4081209, 8.9344377 44.4081628, 8.9344242 44.4081708, 8.9345356 44.4082718, 8.9347107 44.4084307, 8.9347245 44.4084228, 8.9348111 44.4083735, 8.9348525 44.4084096, 8.9349637 44.4083482, 8.9356701 44.4079591, 8.9356402 44.4079314))",way,yes,,Regione Liguria
213,,,42116331,1547594323,,"{""layer"":""1"",""natural"":""water""}",5,,,,,,,,,,,,,fountain,,,,,"POLYGON ((8.9453784 44.4052596, 8.9454016 44.4052487, 8.9454187 44.4052329, 8.9454276 44.4052141, 8.9454275 44.4051942, 8.9454183 44.4051754, 8.9454011 44.4051597, 8.9453778 44.4051489, 8.9453507 44.4051441, 8.945323 44.4051458, 8.9452975 44.4051539, 8.9452771 44.4051674, 8.9452639 44.4051849, 8.9452594 44.4052046, 8.9452641 44.4052242, 8.9452775 44.4052417, 8.9452981 44.4052551, 8.9453236 44.405263, 8.9453514 44.4052646, 8.9453784 44.4052596))",way,,,
214,,,42116332,1547594323,,"{""layer"":""1"",""natural"":""water""}",6,,,,,,,,,,,,,fountain,,,,,"POLYGON ((8.9466666 44.4049216, 8.9466804 44.404903, 8.946685 44.4048822, 8.9466799 44.4048615, 8.9466657 44.4048431, 8.9466439 44.404829, 8.9466168 44.4048207, 8.9465875 44.4048192, 8.946559 44.4048245, 8.9465345 44.4048361, 8.9465166 44.4048528, 8.9465073 44.4048728, 8.9465075 44.4048938, 8.9465173 44.4049136, 8.9465356 44.4049301, 8.9465604 44.4049415, 8.946589 44.4049464, 8.9466183 44.4049445, 8.9466451 44.4049359, 8.9466666 44.4049216))",way,,,
215,,,43805251,1551855470,,"{""brand"":""Odeon"",""brand:wikidata"":""Q6127470"",""brand:wikipedia"":""en:Odeon Cinemas""}",7,,,,,,,Odeon,,,,,,cinema,,,,,"POLYGON ((8.9530646 44.4023269, 8.9528935 44.4020224, 8.9526895 44.4020823, 8.952728 44.4021549, 8.9528499 44.4023844, 8.9530646 44.4023269))",way,yes,,
216,,,44014062,1426962517,,,3,,,,,,,Società Operaia Cattolica N.S. Assunta,,,,,,social_centre,,,,,"POLYGON ((8.9858106 44.4581466, 8.9857612 44.4580776, 8.9856537 44.4581171, 8.9855759 44.4581457, 8.9856253 44.4582147, 8.9858106 44.4581466))",way,yes,,Regione Liguria
217,,,44832475,1480021320,,"{""wheelchair"":""yes"",""wikidata"":""Q21192656""}",6,,,,,,,Teatro Gustavo Modena,,,,http://www.archivolto.it/,,theatre,,,,it:Teatro Gustavo Modena (Genova),"POLYGON ((8.8895743 44.4103651, 8.8898508 44.4103339, 8.8899422 44.4107445, 8.8896657 44.4107759, 8.8895743 44.4103651))",way,yes,,
218,,,45137902,1357008433,,,2,,,,,,,Associazione Mutuo Soccorso La Concordia,,,,,,community_centre,,,,,"POLYGON ((8.9679759 44.4475745, 8.9681055 44.4475761, 8.9681029 44.4476871, 8.9679732 44.4476856, 8.9679759 44.4475745))",way,yes,,
219,,,60781108,1275342330,,,1,,,,,,,,,,,,,fountain,,,,,"POLYGON ((8.9187893 44.4143226, 8.9188243 44.4143244, 8.9188487 44.4143465, 8.9188327 44.4143795, 8.9187984 44.4143865, 8.918769 44.4143754, 8.9187594 44.4143449, 8.9187893 44.4143226))",way,,,
220,,,74174814,1460299882,,,3,,,,,,,Anfiteatro,,,,,,theatre,,,,,"POLYGON ((8.9052263 44.4485851, 8.9051671 44.4486993, 8.9053312 44.4487377, 8.9054566 44.4487319, 8.9055278 44.4487141, 8.9056236 44.4486573, 8.9056904 44.4485819, 8.9057232 44.4484949, 8.9057112 44.4484386, 8.9056722 44.4483586, 8.905154 44.4484561, 8.9052263 44.4485851))",way,,,
221,,,106590624,1638566714,,"{""disused"":""yes""}",3,,,,,,,Ritz,,,+39 010314141,http://www.cinemagenovacentro.it/,,cinema,,,,,"POLYGON ((8.960068 44.3989552, 8.960385 44.3988926, 8.9603341 44.3987604, 8.9600143 44.3988249, 8.960068 44.3989552))",way,yes,,
222,,,109995148,1406398565,,,2,,,,,,,Cinema Teatro Opera Monsignor Macciò,,,,,,cinema,,,,,"POLYGON ((8.7126276 44.5042531, 8.7125548 44.5040005, 8.712367 44.504028, 8.7124398 44.5042806, 8.7126276 44.5042531))",way,yes,,
223,,,120465405,1438622681,,,5,,,,,,,Sezione ANPI Bolzaneto,,,+39 010 7450046,,,community_centre,,,,,"POLYGON ((8.9009671 44.4611083, 8.9010026 44.4612193, 8.9010764 44.461208, 8.9012068 44.461213, 8.9012274 44.4611231, 8.9009671 44.4611083))",way,yes,,
224,,,132713061,1585164286,,"{""studio"":""video""}",4,,,,,,info@glfc.it,Videoporto,,Genova Liguria Film Commission,+39 010 8680850,,http://www.glfc.it/it/videoporto,studio,,,,,"POLYGON ((8.8763484 44.4145688, 8.8764112 44.4147646, 8.8770832 44.4146546, 8.8770903 44.414516, 8.8770694 44.4144508, 8.8768626 44.4144846, 8.8763484 44.4145688))",way,yes,,
225,,,136217304,1368286094,,,2,,,,,,,Sala Mercato,,,,,http://www.archivolto.it/interna2.asp?IDPAGE=SALAMERCATO,theatre,,,,,"POLYGON ((8.8899158 44.4103263, 8.8901706 44.41029, 8.8902466 44.4106494, 8.8899906 44.410682, 8.8899158 44.4103263))",way,yes,,
226,,,147246306,1414061019,,,4,,,,,,,Palamare Pra',,,,,,community_centre,,,,,"POLYGON ((8.790469 44.4255828, 8.790566 44.4258214, 8.7908983 44.4257525, 8.7908014 44.425514, 8.790469 44.4255828))",way,yes,,
227,,,155075731,1647969489,,,2,,,,,,,Fontana di Nettuno,,,,,,fountain,,,,,"POLYGON ((8.8961917 44.4116409, 8.8962336 44.411638, 8.8962604 44.4116148, 8.8962564 44.4115849, 8.8962239 44.4115658, 8.896182 44.4115687, 8.8961552 44.4115919, 8.8961593 44.4116218, 8.8961917 44.4116409))",way,,,
228,,,159556236,1334434724,,,1,,,,,,,,,,,,,fountain,,,,,"POLYGON ((8.8141755 44.4246262, 8.8142018 44.4246267, 8.814213 44.4246112, 8.8142109 44.4245949, 8.8141971 44.4245828, 8.8141787 44.4245838, 8.8141675 44.4245945, 8.8141653 44.4246114, 8.8141755 44.4246262))",way,,,
229,,,163824396,1544630223,,"{""alt_name"":""Ex Magistero""}",3,,,39,,Corso Monte Grappa,,Buridda,,,,,,social_centre,,,,,"POLYGON ((8.949472 44.4116228, 8.9496035 44.4116094, 8.9498073 44.4114312, 8.9499127 44.4114421, 8.9499434 44.4113714, 8.9498314 44.4113718, 8.9496155 44.4113335, 8.9495498 44.4113048, 8.9495145 44.4113549, 8.9494746 44.4113459, 8.9494499 44.4113499, 8.9494292 44.4113604, 8.9494134 44.4113812, 8.9494134 44.4114029, 8.9494283 44.411423, 8.9493782 44.4114504, 8.9494479 44.4115366, 8.949472 44.4116228))",way,yes,,
230,,,170775767,1341858814,,,1,,,,,,,Cinema di Torriglia,,,,,,cinema,,,,,"POLYGON ((9.1593133 44.5184892, 9.1593214 44.5183917, 9.159683 44.5184071, 9.1596793 44.5184513, 9.1596749 44.5185046, 9.1593133 44.5184892))",way,,,
231,,,176933214,1469700692,,,2,,,,,,,La Rosa dei Venti,,,,,,nightclub,,,,,"POLYGON ((8.923934 44.4087383, 8.9239653 44.4086718, 8.9241678 44.4087204, 8.9241365 44.408787, 8.923934 44.4087383))",way,yes,,
232,,,180526107,1347340590,,,3,,,,,,,,,,,,,cinema,,,,,"POLYGON ((9.4928494 44.2379886, 9.4927877 44.2378233, 9.492811 44.2378164, 9.4928164 44.2377991, 9.4928359 44.2377829, 9.4928646 44.2377722, 9.4928968 44.2377779, 9.4929245 44.2377945, 9.4929612 44.2377895, 9.4930291 44.2379559, 9.4928494 44.2379886))",way,,,
233,,,187402440,1601733948,,"{""layer"":""3"",""name:ru"":""\u041F\u043B\u043E\u0449\u0430\u0434\u044C \u041F\u044C\u044F\u0446\u0446\u0430 \u0434\u0435 \u0424\u0435\u0440\u0440\u0430\u0440\u0438"",""wikidata"":""Q27994847""}",11,,,,,,,,,,,,,fountain,no,,,,"POLYGON ((8.9340838 44.4071986, 8.934063 44.4072083, 8.934039 44.4072127, 8.9340142 44.4072112, 8.9339915 44.4072041, 8.9339732 44.4071921, 8.9339614 44.4071765, 8.9339573 44.407159, 8.9339614 44.4071415, 8.9339732 44.4071259, 8.9339914 44.4071139, 8.9340142 44.4071068, 8.9340389 44.4071053, 8.934063 44.4071096, 8.9340838 44.4071193, 8.934099 44.4071333, 8.9341071 44.4071501, 8.9341071 44.4071678, 8.934099 44.4071846, 8.9340838 44.4071986))",way,,,
234,,,187402444,1585626441,,,9,,,,,,,,,,,,,fountain,,,,,"POLYGON ((8.9337003 44.4071722, 8.9335634 44.4070692, 8.9339485 44.4068411, 8.9340467 44.4069287, 8.9339221 44.4069422, 8.9338302 44.406978, 8.9337613 44.4070293, 8.9337098 44.4071099, 8.9337003 44.4071722))",way,,,
235,,,187402445,1585626441,,,11,,,,,,,,,,,,,fountain,,,,,"POLYGON ((8.934357 44.4071734, 8.9344847 44.4071062, 8.9341934 44.4068652, 8.9340785 44.4069266, 8.9342006 44.4069636, 8.9342523 44.4069938, 8.9342988 44.4070343, 8.9343262 44.40707, 8.9343447 44.4071071, 8.934357 44.4071734))",way,,,
236,,,195424503,1355084338,,,1,,,,,,,Arena all'aperto,,,,,,theatre,,,,,"POLYGON ((8.8693183 44.4190945, 8.8693623 44.4191314, 8.8694268 44.4191507, 8.8694785 44.4191502, 8.8695109 44.419143, 8.8695683 44.4191109, 8.8695945 44.4190731, 8.8695969 44.419026, 8.8695699 44.4189821, 8.8695246 44.4189535, 8.8694501 44.4189394, 8.8693867 44.4189497, 8.8693308 44.4189826, 8.869303 44.419032, 8.8693053 44.4190689, 8.8693183 44.4190945))",way,,,
237,,,202345790,1468785238,,,2,,,,,,,Casa Charitas,,,,,,theatre,,,,,"POLYGON ((9.3239265 44.3192803, 9.324228 44.3191327, 9.3241248 44.319024, 9.3240532 44.3190591, 9.3240894 44.3190973, 9.3239223 44.3191791, 9.3238878 44.3191427, 9.3238251 44.3191734, 9.3239265 44.3192803))",way,house,,Regione Liguria
238,,,203604717,1396013213,,"{""wheelchair"":""no""}",4,,,,,,,Nuovo Cinema Italia,,,,,,cinema,,,,,"POLYGON ((8.6839831 44.4031903, 8.6840917 44.4031575, 8.6840505 44.4030855, 8.6841432 44.4030592, 8.6841698 44.4030285, 8.6840552 44.4028495, 8.6839979 44.4028669, 8.6839891 44.4028525, 8.6838629 44.4028942, 8.6838735 44.4029123, 8.6838285 44.4029257, 8.6839831 44.4031903))",way,yes,,Regione Liguria
239,,,204227973,1475489258,,"{""club"":""veterans"",""social_facility:for"":""senior""}",2,,,,,,,"Società Operaia Cattolica Club ""la Fratellanza""",,,,,,community_centre,,,,,"POLYGON ((8.9456788 44.470049, 8.9457464 44.4699998, 8.9457529 44.4699951, 8.9456272 44.4699065, 8.945618 44.4699132, 8.9455531 44.4699604, 8.9456788 44.470049))",way,house,group_home,Regione Liguria
240,,,204228074,1647700167,,"{""alt_name"":""Ex Municipio""}",6,Campomorone,,58R,16014,Via Martiri della Libertà,,Polo Sociale Giovanni Mario Parodi,,Comune di Campomorone,,,,community_centre,,,,,"POLYGON ((8.8890282 44.5075078, 8.8892616 44.5074633, 8.8892104 44.5073265, 8.888977 44.507371, 8.8890282 44.5075078))",way,yes,,Regione Liguria
241,,,204230722,1475489258,,,3,,,,,,,Oratorio di San Lorenzo,,,,,,community_centre,,,,,"POLYGON ((8.9454339 44.4701233, 8.9454335 44.4701865, 8.9454372 44.4702343, 8.945753 44.470235, 8.945754 44.4701661, 8.9457118 44.4701658, 8.9457125 44.4701258, 8.9454339 44.4701233))",way,house,,Regione Liguria
242,,,204450439,1604240841,,"{""access"":""destination""}",4,,,,,,,Società Operaia M.S.,,,,,,community_centre,,,1913,,"POLYGON ((9.1087527 44.4018261, 9.1088626 44.4018618, 9.1089016 44.4018001, 9.1087918 44.4017643, 9.1087527 44.4018261))",way,house,,Regione Liguria
243,,,204454652,1360185105,,,1,,,,,,,,,,,,,cinema,,,,,"POLYGON ((9.0908374 44.4470794, 9.0907849 44.4472203, 9.0909175 44.4472457, 9.0909878 44.4470569, 9.0908588 44.4470323, 9.0908374 44.4470794))",way,yes,,Regione Liguria
244,,,204694186,1419803447,,,2,,,,,,,Covo di Nord Est,,,,http://www.covodinordest.net/,,nightclub,,,,,"POLYGON ((9.2150166 44.3213762, 9.2151252 44.321439, 9.2151013 44.3214602, 9.2150586 44.3214984, 9.21511 44.321528, 9.2151491 44.3214931, 9.2151766 44.3214687, 9.2152955 44.3213738, 9.2152486 44.3213435, 9.2152891 44.3213112, 9.2152752 44.3213022, 9.2153264 44.3212614, 9.215223 44.3211944, 9.2152069 44.3212073, 9.2151821 44.3211914, 9.2151466 44.3212197, 9.2151177 44.3211623, 9.2149456 44.3212421, 9.2150166 44.3213762))",way,house,,Regione Liguria
245,,,204696087,1549729699,,"{""historic"":""yes""}",4,,,,,Piazza Giacomo Matteotti,,Teatro Sociale,,,,,,theatre,,,,,"POLYGON ((9.1583306 44.3461098, 9.1580932 44.3461005, 9.1580663 44.3464536, 9.1581811 44.3464581, 9.1583037 44.3464629, 9.1583114 44.3463615, 9.1583306 44.3461098))",way,yes,,Regione Liguria
246,,,204698949,1420238119,,,2,,,153,,Via Romana,,San Giuseppe,,,,,,cinema,,,,,"POLYGON ((9.1699483 44.3464282, 9.1699985 44.3462533, 9.1698615 44.3462331, 9.1698425 44.3462303, 9.1697885 44.3464019, 9.1699483 44.3464282))",way,yes,,Regione Liguria
247,,,204741411,1360374246,,,1,,,,,,,,,,,,,cinema,,,,,"POLYGON ((9.249292 44.4032912, 9.2493523 44.4031636, 9.2493957 44.4030721, 9.2493266 44.4030676, 9.2493305 44.4030571, 9.2491971 44.4030368, 9.2491942 44.4030477, 9.2491327 44.4030415, 9.2491326 44.4033388, 9.2491357 44.403339, 9.2492525 44.4033478, 9.2492647 44.4033487, 9.249292 44.4032912))",way,yes,,Regione Liguria
248,,,207331923,1361895961,,,1,,,,,,,,,,,,,cinema,,,,,"POLYGON ((8.9009223 44.4578462, 8.9008955 44.4579084, 8.9008829 44.4579166, 8.9009247 44.4579478, 8.900977 44.4579799, 8.9012237 44.4580234, 8.9013275 44.4580418, 8.9013707 44.4579138, 8.9013596 44.4579117, 8.9013083 44.4579019, 8.9013009 44.4579224, 8.9009223 44.4578462))",way,yes,,Regione Liguria
249,,,207335714,1647425762,,,4,,,,,Via Ricreatorio,,Teatro del Ricreatorio San Luigi Gonzaga,,,,,http://www.ricreatorio.it/,theatre,,,,,"POLYGON ((8.901685 44.498628, 8.9016512 44.4985379, 8.9012106 44.4986219, 8.9012174 44.49864, 8.9012242 44.498658, 8.9012309 44.498676, 8.9012377 44.498694, 8.9012444 44.4987119, 8.901685 44.498628))",way,yes,,Regione Liguria
250,,,220894170,1429391525,,"{""layer"":""1""}",3,,,,,,,Palco,,,,,,theatre,,,,,"POLYGON ((8.9322612 44.4055087, 8.9322611 44.4054818, 8.9322838 44.4054629, 8.9323144 44.4054573, 8.9323496 44.4054578, 8.9323698 44.4054687, 8.9323828 44.4054937, 8.9322612 44.4055087))",way,,,
251,,,230261281,1374092359,,"{""disused"":""yes"",""historic"":""monument""}",1,,,,,,,Peschiera del Raggio,,,,,,fountain,,,1644,,"POLYGON ((8.9281306 44.4125104, 8.9281114 44.4124918, 8.9281469 44.4124732, 8.928166 44.4124917, 8.9281306 44.4125104))",way,,,
252,,,231373938,1458661615,,,2,,,,,,,Associazione Giardini Luzzati,,,,,,community_centre,,,,,"POLYGON ((8.9320772 44.4053103, 8.9320494 44.4052759, 8.9320392 44.4052117, 8.9323965 44.4051752, 8.9324084 44.4052312, 8.9322083 44.4052638, 8.9320772 44.4053103))",way,yes,,
253,,,238510914,1379544858,,,1,,,,,,,,,,,,,fountain,,,,,"POLYGON ((8.6859127 44.4030325, 8.6859215 44.4030298, 8.6859292 44.403024, 8.6859329 44.4030166, 8.6859324 44.4030097, 8.6859281 44.4030031, 8.6859204 44.402998, 8.6859116 44.4029956, 8.6859005 44.4029958, 8.6858905 44.4029992, 8.6858842 44.4030042, 8.6858806 44.4030111, 8.6858809 44.4030184, 8.6858858 44.4030258, 8.6858927 44.4030302, 8.6859019 44.4030327, 8.6859127 44.4030325))",way,,,
254,,,238511043,1500031562,,"{""wheelchair"":""yes""}",2,,,,,,,La Cascia,,,,,,nightclub,,,,,"POLYGON ((8.6972663 44.4103162, 8.6972817 44.4102944, 8.6973184 44.4102663, 8.6973412 44.4102744, 8.6977458 44.4103435, 8.697733 44.4103776, 8.697905 44.41041, 8.6978922 44.4104437, 8.6974097 44.4104048, 8.6972392 44.4103794, 8.6972663 44.4103162))",way,,,
255,,,242339662,1443614763,,"{""wheelchair"":""no""}",4,,,,,,,Arena estiva cinema,,,,,,cinema,,,,,"POLYGON ((8.6837194 44.4032588, 8.6836203 44.4030727, 8.6837828 44.4030239, 8.6837729 44.4029928, 8.6838224 44.4029793, 8.6838373 44.4030423, 8.6839195 44.4031817, 8.6838898 44.4032164, 8.6838373 44.4032503, 8.6837699 44.4032595, 8.6837194 44.4032588))",way,,,
256,,,253909084,1388191032,,,1,,,,,,,,,,,,,theatre,,,,,"POLYGON ((8.9885445 44.5639492, 8.9885515 44.564064, 8.9881825 44.5640556, 8.9881709 44.5639691, 8.9885445 44.5639492))",way,yes,,
257,,,267033909,1434321117,,,2,,,,,,,ARCI Pino Sottano,,,,,,social_centre,,,,,"POLYGON ((8.9737818 44.4578275, 8.9737946 44.4577741, 8.9739875 44.4577927, 8.9739772 44.4578497, 8.9737818 44.4578275))",way,,,
258,,,276696418,1547600446,,"{""layer"":""1"",""natural"":""water""}",2,,,,,,,,,,,,,fountain,,,,,"POLYGON ((8.9389178 44.4110196, 8.9389247 44.4110114, 8.9389351 44.4110054, 8.9389464 44.4110024, 8.9389585 44.4110021, 8.9389701 44.4110045, 8.9389801 44.4110093, 8.9389875 44.4110161, 8.9389917 44.4110243, 8.9389921 44.4110329, 8.9389887 44.4110412, 8.9389819 44.4110483, 8.9389724 44.4110536, 8.9389597 44.4110567, 8.9389463 44.4110565, 8.9389339 44.4110531, 8.9389238 44.4110468, 8.9389173 44.4110384, 8.9389152 44.411029, 8.9389178 44.4110196))",way,,,
259,,,307382052,1413072879,,,1,,,,,,,,,,,,,fountain,,,,,"POLYGON ((9.0032512 44.5356132, 9.0032459 44.5356453, 9.0032352 44.535677, 9.003174 44.5357184, 9.0031122 44.5357408, 9.0030431 44.5357447, 9.0029772 44.5357294, 9.0029352 44.535701, 9.0029091 44.5356818, 9.0029171 44.5356306, 9.0029809 44.5355765, 9.0030427 44.5355541, 9.0031119 44.5355503, 9.0031957 44.5355634, 9.0032512 44.5356132))",way,,,
260,,,321110556,1558776495,,"{""short_name"":""CAP""}",4,,,,,,,Circolo Autorità Portuale & Società del Porto di Genova,,,,,,community_centre,,,,,"POLYGON ((8.9060658 44.4095027, 8.9067444 44.4094943, 8.9065459 44.4097269, 8.9064494 44.4095659, 8.9061141 44.4096745, 8.9060658 44.4095027))",way,yes,,
261,,,342729368,1453114376,,,4,,,,,,,,,,,,,theatre,,,,,"POLYGON ((8.8936741 44.5071232, 8.8938339 44.5071704, 8.8938185 44.5071961, 8.8938038 44.5072137, 8.8937796 44.5072358, 8.8937414 44.5072603, 8.893694 44.50728, 8.8936245 44.5072944, 8.89357 44.5072959, 8.8935047 44.5072868, 8.8934627 44.5072737, 8.8934306 44.5072591, 8.8933948 44.5072359, 8.8933693 44.5072125, 8.8934933 44.507141, 8.8934788 44.5070475, 8.8936601 44.5070332, 8.8936741 44.5071232))",way,yes,,
262,,,354426989,1496303287,,"{""community_centre:for"":""athlete"",""source_1"":""casetta rossa""}",6,,,4,,Via del Peralto,,ASD Podistica Peralto Genova,Sa 09:00-11:30,,,,http://www.podisticaperalto.it/,community_centre,,,,,"POLYGON ((8.931918 44.4319379, 8.9320036 44.4319332, 8.931997 44.4318435, 8.9320992 44.431836, 8.9320913 44.4317633, 8.9319037 44.4317667, 8.931918 44.4319379))",way,yes,,Regione Liguria
263,,,384686644,1478592151,,"{""description"":""Osservatorio Astronomico del Righi""}",2,,,,,,,,,,,,,planetarium,,,,,"POLYGON ((8.9359744 44.4254843, 8.9359911 44.4254845, 8.9360063 44.4254795, 8.9360169 44.4254703, 8.9360208 44.4254587, 8.9360173 44.425447, 8.9360071 44.4254376, 8.9359922 44.4254323, 8.9359755 44.4254321, 8.9359604 44.4254371, 8.9359498 44.4254463, 8.9359458 44.4254579, 8.9359493 44.4254696, 8.9359595 44.425479, 8.9359744 44.4254843))",way,yes,,
264,,,391005371,1452605906,,"{""historic"":""monument""}",1,,,,,,,Pozzo di Giano,,,,,,fountain,,,,,"POLYGON ((8.9321723 44.4043636, 8.9321583 44.4043574, 8.9321589 44.4043456, 8.9321734 44.4043401, 8.9321873 44.4043463, 8.9321868 44.4043581, 8.9321723 44.4043636))",way,,,
265,,,395760180,1454496288,,,1,,,,,,,,,,,,,fountain,,,,,"POLYGON ((8.8926597 44.5071, 8.8926691 44.507116, 8.8926844 44.5071294, 8.8927044 44.5071391, 8.8927275 44.5071445, 8.8927517 44.507145, 8.8927752 44.5071406, 8.8927959 44.5071317, 8.8928124 44.507119, 8.8928231 44.5071035, 8.8928272 44.5070865, 8.8928245 44.5070693, 8.8928151 44.5070534, 8.8927998 44.50704, 8.8927798 44.5070302, 8.8927567 44.5070248, 8.8927325 44.5070243, 8.8927091 44.5070287, 8.8926883 44.5070376, 8.8926719 44.5070503, 8.8926611 44.5070658, 8.892657 44.5070829, 8.8926597 44.5071))",way,,,
266,,,396013224,1454595154,,,1,,,,,,,,,,,,,fountain,,,,,"POLYGON ((8.9059985 44.4110695, 8.9053525 44.4108887, 8.9053198 44.4108728, 8.9053183 44.4108494, 8.9053406 44.4108356, 8.9053689 44.4108334, 8.9060238 44.4110152, 8.9060595 44.4110259, 8.9060744 44.411044, 8.9060685 44.4110642, 8.9060551 44.4110769, 8.9060327 44.4110769, 8.9059985 44.4110695))",way,,,
267,,,402940131,1568710644,,"{""building:part"":""yes""}",2,,,,,,,Centro Congressi Magazzini del Cotone,,,,,http://www.centrocongressigenova.it/,conference_centre,,,,,"POLYGON ((8.9200933 44.4078273, 8.9199808 44.4078002, 8.9199562 44.4077942, 8.9192696 44.407629, 8.9192343 44.4076205, 8.9190678 44.4075804, 8.9189462 44.4078383, 8.9199684 44.4080844, 8.9200933 44.4078273))",way,,,Regione Liguria
268,,,445297376,1475402891,,,1,,,,,,,Pro Loco Casella,,,,,,community_centre,,,,,"POLYGON ((8.9969521 44.5338247, 8.9970012 44.5338035, 8.9969616 44.533757, 8.9969125 44.5337782, 8.9969521 44.5338247))",way,yes,,
269,,,450196678,1585626441,,,7,,,,,,,,,,,,,fountain,,,,,"POLYGON ((8.9340362 44.407391, 8.9341298 44.407379, 8.9342222 44.4073443, 8.9342918 44.4072935, 8.9343253 44.4072516, 8.9343498 44.4071909, 8.9344511 44.4072711, 8.9341302 44.4074713, 8.9340362 44.407391))",way,,,
270,,,452085609,1478619150,,"{""old_name"":""Chiesa di Santa Maria Immacolata e San Giovanni Battista""}",1,,,,,,,Opere parrocchiali,,,,,,community_centre,,,,,"POLYGON ((8.6832008 44.4035489, 8.6831815 44.4035169, 8.6831138 44.4035369, 8.6830743 44.4034678, 8.6831616 44.4034421, 8.6831443 44.4034129, 8.6834043 44.4033364, 8.6834163 44.4033583, 8.6834609 44.4033449, 8.683537 44.4034768, 8.6834272 44.4035093, 8.6834156 44.4034889, 8.6832008 44.4035489))",way,,,
271,,,474005300,1486827241,,,1,,,,,,,,,,,,,fountain,,,,,"POLYGON ((9.2132938 44.3347576, 9.213289 44.3347547, 9.213283 44.3347534, 9.2132767 44.334754, 9.2132713 44.3347563, 9.2132676 44.33476, 9.2132662 44.3347644, 9.2132675 44.3347688, 9.2132711 44.3347725, 9.2132764 44.3347749, 9.2132826 44.3347755, 9.2132886 44.3347744, 9.2132935 44.3347716, 9.2132965 44.3347677, 9.2132972 44.3347642, 9.2132963 44.3347607, 9.2132938 44.3347576))",way,,,
272,,,474005303,1486827241,,,1,,,,,,,,,,,,,fountain,,,,,"POLYGON ((9.2134886 44.3345372, 9.2134838 44.3345343, 9.2134778 44.3345331, 9.2134715 44.3345336, 9.2134661 44.3345359, 9.2134624 44.3345396, 9.213461 44.334544, 9.2134623 44.3345484, 9.2134659 44.3345521, 9.2134712 44.3345545, 9.2134774 44.3345551, 9.2134834 44.334554, 9.2134883 44.3345512, 9.2134913 44.3345473, 9.213492 44.3345438, 9.2134911 44.3345403, 9.2134886 44.3345372))",way,,,
273,,,474005306,1486827241,,,1,,,,,,,,,,,,,fountain,,,,,"POLYGON ((9.2136473 44.3347701, 9.2136424 44.3347672, 9.2136364 44.334766, 9.2136301 44.3347665, 9.2136247 44.3347688, 9.213621 44.3347725, 9.2136197 44.3347769, 9.2136209 44.3347813, 9.2136245 44.334785, 9.2136298 44.3347874, 9.213636 44.334788, 9.213642 44.3347869, 9.213647 44.3347841, 9.2136499 44.3347802, 9.2136506 44.3347767, 9.2136497 44.3347732, 9.2136473 44.3347701))",way,,,
274,,,474048972,1486843861,,,1,,,,,,,Anfiteatro Umberto Bindi,,,,,,theatre,,,,,"POLYGON ((9.2136165 44.3334001, 9.2135522 44.3331943, 9.2136534 44.3331819, 9.2137828 44.3332078, 9.2138251 44.3332668, 9.2138164 44.3333445, 9.2137567 44.3333857, 9.2136165 44.3334001))",way,,,
275,,,492268077,1494313123,,,1,,,,,,,,,,,,,fountain,,,,,"POLYGON ((9.1578674 44.5188786, 9.1579191 44.51889, 9.1579202 44.5188601, 9.1578685 44.5188489, 9.1578674 44.5188786))",way,,,
276,,,530443313,1507258981,,,1,,,,,,,,,,,,,fountain,,,,,"POLYGON ((9.3319993 44.3114706, 9.332006 44.3114039, 9.3320328 44.3113842, 9.3320663 44.3113943, 9.3321522 44.3114476, 9.3321575 44.3114721, 9.3321314 44.3114888, 9.3320328 44.3114927, 9.33201 44.3114855, 9.3319993 44.3114706))",way,,,
277,,,530476745,1507275455,,,1,,,,,,,,,,,,,fountain,,,,,"POLYGON ((9.3234417 44.3136096, 9.3234229 44.3135923, 9.3234236 44.3135674, 9.3234497 44.3135535, 9.3234826 44.3135544, 9.3235034 44.3135727, 9.3235007 44.3135952, 9.3234766 44.3136101, 9.3234417 44.3136096))",way,,,
278,,,530476749,1507275455,,,1,,,,,,,,,,,,,fountain,,,,,"POLYGON ((9.3187599 44.3154381, 9.319189 44.3152145, 9.3191555 44.3151723, 9.3187116 44.3153392, 9.3187599 44.3154381))",way,,,
279,,,530992904,1507458682,,,1,,,,,,,,,,,,,fountain,,,,,"POLYGON ((9.4189485 44.2599986, 9.4190423 44.2599948, 9.4189914 44.2599659, 9.4189485 44.2599986))",way,,,Mapbox
280,,,535468978,1585167285,,"{""theatre:type"":""amphi""}",4,,,,,Via Penisola di Levante,,Teatro Arena Conchiglia,,,+39 0185 478600,,,theatre,,,,,"POLYGON ((9.3912287 44.2686829, 9.3915097 44.2688337, 9.3915794 44.2688087, 9.3915445 44.2687262, 9.39157 44.2684477, 9.3915392 44.2684477, 9.3915365 44.26839, 9.3912119 44.26839, 9.3912119 44.2684496, 9.3911824 44.2684496, 9.3911791 44.2686234, 9.3912287 44.2686282, 9.3912287 44.2686829))",way,,,mapbox
281,,,629138783,1560516371,,"{""lit"":""no"",""theatre:type"":""amphi""}",2,,,,,,,,,,,,,theatre,,,,,"POLYGON ((8.7809647 44.4268213, 8.78097 44.4268014, 8.7809826 44.4267833, 8.7810016 44.4267682, 8.7810256 44.4267574, 8.7810528 44.4267516, 8.7810812 44.4267512, 8.7811086 44.4267563, 8.7811332 44.4267666, 8.7811529 44.4267812, 8.7811664 44.426799, 8.7811726 44.4268188, 8.7811712 44.426839, 8.7811622 44.4268582, 8.7812099 44.4268774, 8.7812023 44.4268884, 8.7812 44.4268918, 8.7811683 44.4269155, 8.7811285 44.4269319, 8.7810838 44.4269397, 8.7810379 44.4269381, 8.7809945 44.4269274, 8.7809571 44.4269083, 8.7809467 44.4268992, 8.7809287 44.4268825, 8.7809771 44.4268605, 8.7809671 44.4268415, 8.7809647 44.4268213))",way,,,
282,,,637397677,1647425762,,,2,,,,,Via Ricreatorio,,Ricreatorio San Luigi Gonzaga,,Associazione Ricreatorio San Luigi Gonzaga,,,,community_centre,,,,,"POLYGON ((8.9010997 44.4983787, 8.9013834 44.4983216, 8.9014141 44.4982912, 8.901795 44.4982169, 8.9018667 44.4984051, 8.9016907 44.4985825, 8.9017092 44.4986285, 8.9014077 44.4988064, 8.9012532 44.4987946, 8.9010997 44.4983787))",way,,,
283,,,663666612,1547596257,,"{""barrier"":""wall"",""layer"":""1"",""natural"":""water""}",1,,,,,,,,,,,,,fountain,,,,,"POLYGON ((8.9458633 44.3962186, 8.9458806 44.3961966, 8.9458868 44.3961716, 8.945881 44.3961466, 8.9458649 44.3961254, 8.9458403 44.3961088, 8.9458096 44.3960987, 8.945776 44.3960961, 8.9457429 44.3961012, 8.9457139 44.3961135, 8.9456918 44.3961318, 8.9456789 44.3961541, 8.9456766 44.3961782, 8.9456858 44.3962027, 8.9457058 44.3962236, 8.9457344 44.3962386, 8.9457683 44.3962459, 8.9458037 44.3962448, 8.9458366 44.3962354, 8.9458633 44.3962186))",way,,,
284,,,663674241,1547600443,,"{""natural"":""water""}",1,,,,,,,,,,,,,fountain,,,,,"POLYGON ((8.9429752 44.4062313, 8.9429609 44.4062275, 8.9429456 44.4062273, 8.9429311 44.4062305, 8.9429188 44.406237, 8.9429102 44.406246, 8.9429061 44.4062565, 8.942907 44.4062674, 8.9429128 44.4062775, 8.9429229 44.4062856, 8.9429361 44.406291, 8.9429511 44.4062931, 8.9429661 44.4062916, 8.9429797 44.4062866, 8.9429903 44.4062788, 8.9429968 44.4062689, 8.9429984 44.4062581, 8.942995 44.4062475, 8.942987 44.4062382, 8.9429752 44.4062313))",way,,,
285,,,664145375,1547735034,,,1,,,,,,,,,,,,,fountain,,,,,"POLYGON ((8.8936172 44.4451147, 8.8936353 44.4451654, 8.8937067 44.4451525, 8.8936886 44.4451017, 8.8936172 44.4451147))",way,,,
286,,,668249925,1549286480,,,1,,,,,,,,,,,,,fountain,,,,,"POLYGON ((8.8972843 44.4758819, 8.8973718 44.4757877, 8.8973758 44.4758312, 8.8973419 44.4758688, 8.8972843 44.4758819))",way,,,
287,,,724605635,1568484291,,,1,,,,,,,,,,,,,fountain,,,,,"POLYGON ((8.9400145 44.4086233, 8.9400709 44.4087057, 8.9401996 44.4087057, 8.9402398 44.4086539, 8.9402613 44.4085006, 8.9401969 44.4083895, 8.9401138 44.4083895, 8.9400521 44.4084297, 8.9400145 44.4086233))",way,,,
288,,,895884007,1610815185,,,2,,,,,,,,,,,,,fountain,,,,,"POLYGON ((8.9367866 44.4113279, 8.9367548 44.4113164, 8.9367209 44.4113242, 8.9367047 44.411347, 8.9367157 44.4113712, 8.9367475 44.4113828, 8.9367815 44.4113749, 8.9367976 44.4113522, 8.9367866 44.4113279))",way,,,
289,,,999751553,1636164638,,"{""area"":""yes""}",1,,,,,,,,,,,,,fountain,,,,,"POLYGON ((8.9186543 44.4165639, 8.9186332 44.4165763, 8.9186076 44.4165833, 8.9185803 44.4165841, 8.9185541 44.4165786, 8.9185317 44.4165675, 8.9185154 44.4165518, 8.9185068 44.4165324, 8.9185077 44.4165121, 8.9185179 44.4164932, 8.9185364 44.4164777, 8.918561 44.4164675, 8.9185889 44.4164637, 8.918617 44.4164667, 8.9186421 44.4164762, 8.9186615 44.4164911, 8.9186725 44.4165089, 8.918675 44.4165284, 8.9186687 44.4165473, 8.9186543 44.4165639))",way,,,
290,,,1025232752,1643294953,,,1,,,,,,,,,,,,,fountain,,,,,"POLYGON ((8.6991476 44.5356769, 8.6991265 44.5356737, 8.6991051 44.5356756, 8.6990857 44.5356823, 8.6990706 44.5356933, 8.6990613 44.5357071, 8.6990589 44.5357224, 8.6990637 44.5357374, 8.6990747 44.5357501, 8.6990907 44.5357596, 8.6991102 44.535765, 8.6991311 44.5357657, 8.6991512 44.5357616, 8.6991684 44.5357531, 8.699181 44.5357412, 8.6991876 44.5357266, 8.6991872 44.5357112, 8.6991797 44.5356968, 8.699166 44.5356849, 8.6991476 44.5356769))",way,,,
291,,,1027442922,1643905818,,,1,,,,,,,,,,,,,fountain,,,,,"POLYGON ((8.9401481 44.4147409, 8.9401473 44.4147323, 8.9401505 44.4147262, 8.9401586 44.4147187, 8.9401732 44.4147172, 8.9401824 44.4147227, 8.9401873 44.4147286, 8.9401891 44.4147376, 8.9401942 44.4147373, 8.9401947 44.4147419, 8.9402044 44.414743, 8.9402133 44.4147452, 8.9402215 44.4147497, 8.9402224 44.4147599, 8.9402149 44.4147647, 8.9402078 44.4147669, 8.9401985 44.4147683, 8.9401988 44.4147721, 8.9401921 44.4147727, 8.9401925 44.4147841, 8.9401875 44.4147896, 8.940181 44.414794, 8.9401661 44.4147947, 8.9401575 44.4147907, 8.9401532 44.4147857, 8.9401516 44.4147752, 8.9401448 44.4147752, 8.9401445 44.4147699, 8.940135 44.41477, 8.9401264 44.4147685, 8.9401173 44.414765, 8.9401159 44.4147559, 8.9401221 44.4147501, 8.9401301 44.414747, 8.9401427 44.414745, 8.9401424 44.4147413, 8.9401481 44.4147409))",way,,,
